Stno,Chip,Database Id,Surname,First name,YB,S,Block,nc,Start,Finish,Time,Classifier,Club no.,Cl.name,City,Nat,Cl. no.,Short,Long,Num1,Num2,Num3,Text1,Text2,Text3,Adr. name,Street,Line2,Zip,City,Phone,Fax,EMail,Id/Club,Rented,Start fee,Paid,National ID,Course no.,Course,km,m,Course controls,Pl,Start punch,Finish punch,Control1,Punch1,Control2,Punch2,Control3,Punch3,Control4,Punch4,Control5,Punch5,Control6,Punch6,Control7,Punch7,Control8,Punch8,Control9,Punch9,Control10,Punch10,(may be more) ...,,,,,,,,,,,,,,,,,,,,,,,,,,,,,,,,,,,,,,,
2,2128477,45,Meštrović,Martin,,M,,0,03:00,51:52,48:52,0,2,KAP,OK Kapela,CRO,3,M12,M12,,,,,,,,,,,,,,,,0,0,0,,3,3,2.25,75,9,1,,51:52,60,03:31,61,05:42,62,10:38,33,17:57,63,21:39,58,26:40,64,28:58,65,35:00,100,47:21,,,,,,,,,,,,,,,,,,,,,,,,,,,,,,,,,,,,,,,,,,
124,2117408,15,Lah,Mario,,M,,0,09:00,70:36,61:36,0,14,OK Varaždin,Orijentacijski klub Varaždin,CRO,3,M12,M12,,,,,,,,,,,,,,,,0,0,0,,3,3,2.25,75,9,2,,70:36,60,08:48,61,12:50,62,17:59,33,27:00,63,41:08,58,45:28,64,49:42,65,57:40,100,59:35,,,,,,,,,,,,,,,,,,,,,,,,,,,,,,,,,,,,,,,,,,
129,,133,,Vacant,,M,,0,06:00,,,0,,,,,3,M12,M12,,,,,,,,,,,,,,,,0,0,0,,3,3,2.25,75,9,,,,,,,,,,,,,,,,,,,,,,,,,,,,,,,,,,,,,,,,,,,,,,,,,,,,,,,,,,,,,,,
79,1422007,65,Strmečki,Vibor,,M,,0,17:00,85:56,68:56,0,9,Maksimir,OK Maksimir,CRO,5,M14,M14,,,,,,,,,,,,,,,,0,0,0,,4,4,3.66,155,15,1,,85:56,35,04:34,32,07:00,62,08:44,36,17:47,40,22:02,38,27:12,37,28:55,33,33:12,58,41:53,55,50:07,56,53:58,57,57:36,64,62:33,65,66:06,100,67:41,,,,,,,,,,,,,,,,,,,,,,,,,,,,,,
62,2143680,71,Kuzmanić,Borna,,M,,0,26:00,110:37,84:37,0,7,JAP,OK Japetic,CRO,5,M14,M14,,,,,,,,,,,,,,,,0,0,0,,4,4,3.66,155,15,2,,110:37,35,12:27,32,17:16,62,19:24,36,22:57,40,26:44,38,31:19,37,32:44,33,38:28,58,45:55,55,50:44,56,52:59,57,56:38,64,77:55,65,81:35,100,83:35,,,,,,,,,,,,,,,,,,,,,,,,,,,,,,
97,219397,2,Kelc,Noa,,M,,0,23:00,110:43,87:43,0,10,OK Jelen,OK Jelen,CRO,5,M14,M14,,,,,,,,,,,,,,,,0,0,0,,4,4,3.66,155,15,3,,110:43,35,15:37,32,20:31,62,23:13,36,25:55,40,29:38,38,34:21,37,35:47,33,41:26,58,48:58,55,53:50,56,56:03,57,59:42,64,80:32,65,84:40,100,86:37,,,,,,,,,,,,,,,,,,,,,,,,,,,,,,
130,8051205,135,Tišljar,Mirko,,M,,0,20:00,110:53,90:53,0,8,ORI,OK Orion,CRO,5,M14,M14,,,,,,,,,,,,,,,,0,0,0,,4,4,3.66,155,15,4,,110:53,35,03:57,32,22:46,62,25:20,36,28:48,40,32:26,38,37:25,37,38:49,33,44:22,58,52:02,55,56:46,56,59:10,57,62:40,64,83:23,65,87:43,100,89:41,,,,,,,,,,,,,,,,,,,,,,,,,,,,,,
138,2118094,137,Vodopija,Dario,,M,,0,102:00,186:29,84:29,0,2,KAP,OK Kapela,CRO,7,M16,M16,,,,,,,,,,,,,,,,0,0,0,,6,6,4.54,215,18,1,,186:29,34,03:50,32,07:08,36,14:46,41,22:25,42,27:16,43,31:31,37,36:25,33,44:48,31,51:02,58,54:25,56,60:00,44,61:30,55,62:40,57,69:19,64,74:00,59,80:31,65,82:04,100,83:31,,,,,,,,,,,,,,,,,,,,,,,,
46,8135002,112,Gobec,Jan,,M,,0,83:00,161:30,78:30,0,4,Vihor,OK Vihor,CRO,9,M20,M20,,,,,,,,,,,,,,,,0,0,0,,7,7,6.75,280,23,1,,161:30,34,02:38,32,05:02,35,07:44,31,09:09,33,13:52,37,16:29,38,17:36,39,22:52,40,24:22,41,25:49,42,27:24,43,28:42,44,37:03,45,41:20,46,44:33,47,49:12,54,57:20,55,59:22,56,60:55,57,68:12,58,73:07,59,75:47,100,77:37,,,,,,,,,,,,,,
61,999505,50,Cvetković,Filip,,M,,0,80:00,170:27,90:27,0,7,JAP,OK Japetic,CRO,9,M20,M20,,,,,,,,,,,,,,,,0,0,0,,7,7,6.75,280,23,2,,170:27,34,02:29,32,07:26,35,10:48,31,12:07,33,17:09,37,19:43,38,20:56,39,30:07,40,31:52,41,34:08,42,36:15,43,37:42,44,48:33,45,54:54,46,59:18,47,64:03,54,71:33,55,74:36,56,76:36,57,80:00,58,84:40,59,87:36,100,89:29,,,,,,,,,,,,,,
47,1289347,111,Kukec,Jura,,M,,0,74:00,176:38,102:38,0,4,Vihor,OK Vihor,CRO,9,M20,M20,,,,,,,,,,,,,,,,0,0,0,,7,7,6.75,280,23,3,,176:38,34,05:01,32,07:26,35,11:17,31,13:03,33,18:51,37,20:45,38,22:29,39,25:26,40,27:30,41,29:37,42,31:26,43,32:41,44,40:49,45,48:24,46,70:00,47,75:19,54,82:25,55,85:37,56,87:49,57,89:53,58,94:51,59,99:12,100,101:41,,,,,,,,,,,,,,
31,222401,75,Požgaj,Karlo,,M,,0,68:00,176:41,108:41,0,4,Vihor,OK Vihor,CRO,9,M20,M20,,,,,,,,,,,,,,,,0,0,0,,7,7,6.75,280,23,4,,176:41,34,11:06,32,13:30,35,17:24,31,19:07,33,24:55,37,26:47,38,28:33,39,31:31,40,33:34,41,35:41,42,37:30,43,38:47,44,46:53,45,54:32,46,76:08,47,81:25,54,88:21,55,91:44,56,93:55,57,95:57,58,100:53,59,105:17,100,107:43,,,,,,,,,,,,,,
123,2113338,53,Kocijan,Luka,,M,,0,65:00,212:22,147:22,0,14,OK Varaždin,Orijentacijski klub Varaždin,CRO,9,M20,M20,,,,,,,,,,,,,,,,0,0,0,,7,7,6.75,280,23,5,,212:22,34,05:11,32,09:37,35,13:53,31,15:59,33,26:43,37,29:27,38,30:50,39,34:52,40,36:43,41,38:53,42,40:44,43,43:36,44,65:01,45,70:39,46,78:09,47,84:52,54,95:08,55,98:57,56,101:24,57,107:06,58,136:38,59,143:11,100,146:08,,,,,,,,,,,,,,
128,,139,Gobec,Timo Vilim,,M,,0,77:00,,,1,4,Vihor,OK Vihor,CRO,9,M20,M20,,,,,,,,,,,,,,,,0,0,0,,7,7,6.75,280,23,,,,,,,,,,,,,,,,,,,,,,,,,,,,,,,,,,,,,,,,,,,,,,,,,,,,,,,,,,,,,,,
60,237596,48,Verović,Kristijan,,M,,0,71:00,,,0,7,JAP,OK Japetic,CRO,9,M20,M20,,,,,,,,,,,,,,,,0,0,0,,7,7,6.75,280,23,,,,,,,,,,,,,,,,,,,,,,,,,,,,,,,,,,,,,,,,,,,,,,,,,,,,,,,,,,,,,,,
96,2116256,64,Cindrić,Antonio,,M,,0,86:00,,,0,10,OK Jelen,OK Jelen,CRO,9,M20,M20,,,,,,,,,,,,,,,,0,0,0,,7,7,6.75,280,23,,,,,,,,,,,,,,,,,,,,,,,,,,,,,,,,,,,,,,,,,,,,,,,,,,,,,,,,,,,,,,,
75,8221221,78,Razum,Matija,,M,,0,26:00,118:33,92:33,0,7,JAP,OK Japetic,CRO,1,M21A,M21A,,,,,,,,,,,,,,,,0,0,0,,1,1,10.2,550,30,1,,118:33,31,01:15,32,03:32,33,04:57,34,07:00,35,09:05,36,11:41,37,13:47,38,14:37,39,16:35,40,17:37,41,18:30,42,19:54,43,20:42,44,26:49,45,31:28,46,38:43,47,42:26,48,49:39,49,50:47,50,52:25,51,58:40,52,59:27,53,72:35,54,79:29,55,81:58,56,83:19,57,84:39,58,87:23,59,89:57,100,91:38
76,700030,79,Legac,Lino,,M,,0,42:00,152:50,110:50,0,7,JAP,OK Japetic,CRO,1,M21A,M21A,,,,,,,,,,,,,,,,0,0,0,,1,1,10.2,550,30,2,,152:50,31,01:28,32,03:57,33,05:54,34,08:27,35,12:52,36,17:15,37,20:20,38,21:44,39,23:41,40,24:52,41,26:59,42,28:25,43,29:38,44,37:40,45,41:39,46,45:11,47,49:40,48,57:14,49,58:29,50,59:56,51,66:13,52,67:14,53,82:25,54,91:21,55,94:28,56,96:16,57,97:50,58,103:47,59,106:37,,
13,300745,17,Čapeta,Davor,,M,,0,38:00,164:46,126:46,0,2,KAP,OK Kapela,CRO,1,M21A,M21A,,,,,,,,,,,,,,,,0,0,0,,1,1,10.2,550,30,3,,164:46,31,01:44,32,04:40,33,06:41,34,09:15,35,12:13,36,16:17,37,20:00,38,21:54,39,24:32,40,26:31,41,28:08,42,30:06,43,31:39,44,39:09,45,45:35,46,49:21,47,53:35,48,62:36,49,64:03,50,66:41,51,74:53,52,76:13,53,93:49,54,105:04,55,108:00,56,110:01,57,114:13,58,117:56,59,123:26,100,125:45
95,7910421,102,Horvat,Lobel,,M,,0,30:00,168:01,138:01,0,9,Maksimir,OK Maksimir,CRO,1,M21A,M21A,,,,,,,,,,,,,,,,0,0,0,,1,1,10.2,550,30,4,,168:01,31,01:17,32,04:17,33,06:30,34,10:47,35,13:52,36,18:36,37,21:38,38,22:33,39,24:55,40,26:53,41,28:07,42,29:37,43,30:40,44,38:47,45,45:56,46,49:33,47,53:19,48,61:24,49,62:34,50,65:32,51,87:27,52,88:18,53,105:34,54,116:15,55,119:05,56,120:55,57,125:01,58,128:39,59,132:43,100,136:57
26,7207151,81,Filetin,Luka,,M,,0,14:00,152:51,138:51,0,2,KAP,OK Kapela,CRO,1,M21A,M21A,,,,,,,,,,,,,,,,0,0,0,,1,1,10.2,550,30,5,,152:51,31,02:12,32,05:53,33,07:41,34,14:43,35,18:09,36,23:49,37,26:34,38,27:40,39,30:43,40,32:09,41,34:21,42,36:18,43,37:41,44,45:15,45,52:17,46,56:14,47,60:21,48,68:28,49,69:44,50,73:21,51,82:06,52,83:08,53,97:33,54,107:00,55,122:44,56,123:52,57,125:29,58,132:48,59,135:49,100,137:48
87,236862,28,Klasić,Dominik,,M,,0,10:00,174:47,164:47,3,9,Maksimir,OK Maksimir,CRO,1,M21A,M21A,,,,,,,,,,,,,,,,0,0,0,,1,1,10.2,550,30,,,174:47,31,01:58,32,06:56,33,11:07,34,19:16,35,26:27,36,32:39,37,36:37,38,38:32,39,41:59,40,43:37,41,49:54,42,52:18,43,53:26,44,69:36,45,80:20,46,93:29,47,99:53,48,113:54,49,121:18,50,128:00,,,,,,,,,,,,,,,,,,,,
150,,130,,Vacant,,M,,0,34:00,,,0,,,,,1,M21A,M21A,,,,,,,,,,,,,,,,0,0,0,,1,1,10.2,550,30,,,,,,,,,,,,,,,,,,,,,,,,,,,,,,,,,,,,,,,,,,,,,,,,,,,,,,,,,,,,,,,
104,7622357,31,Šeperić-Grdiša,Ivan,,M,,0,00:00,174:10,174:10,3,10,OK Jelen,OK Jelen,CRO,1,M21A,M21A,,,,,,,,,,,,,,,,0,0,0,,1,1,10.2,550,30,,,174:10,31,03:10,32,09:01,33,16:56,34,21:54,35,29:58,36,36:10,37,43:59,38,47:08,39,51:43,40,53:46,41,55:56,42,60:52,43,62:48,44,76:28,45,83:42,46,87:57,47,99:27,48,114:38,49,121:24,50,124:59,51,145:07,52,147:11,,,,,,,,,,,,,,,,
12,7212008,16,Peh,Krunoslav,,M,,0,22:00,,,1,2,KAP,OK Kapela,CRO,1,M21A,M21A,,,,,,,,,,,,,,,,0,0,0,,1,1,10.2,550,30,,,,,,,,,,,,,,,,,,,,,,,,,,,,,,,,,,,,,,,,,,,,,,,,,,,,,,,,,,,,,,,
149,,129,,Vacant,,M,,0,18:00,,,0,,,,,1,M21A,M21A,,,,,,,,,,,,,,,,0,0,0,,1,1,10.2,550,30,,,,,,,,,,,,,,,,,,,,,,,,,,,,,,,,,,,,,,,,,,,,,,,,,,,,,,,,,,,,,,,
110,2116257,106,Košćica,Miran,,M,,0,91:00,156:43,65:43,0,10,OK Jelen,OK Jelen,CRO,11,M21B,M21B,,,,,,,,,,,,,,,,0,0,0,,6,6,4.54,215,18,1,,156:43,34,13:30,32,16:14,36,19:26,41,21:51,42,27:32,43,29:05,37,32:59,33,36:17,31,41:03,58,43:54,56,48:41,44,51:00,55,52:12,57,55:36,64,58:30,59,62:03,65,63:23,100,64:36,,,,,,,,,,,,,,,,,,,,,,,,
30,504528,126,Vranić,Marko,,M,,0,79:00,146:41,67:41,0,3,OKM,OK Medjimurje,CRO,11,M21B,M21B,,,,,,,,,,,,,,,,X,0,0,,6,6,4.54,215,18,2,,146:41,34,03:37,32,07:11,36,11:08,41,13:57,42,16:03,43,17:48,37,21:20,33,24:56,31,42:42,58,45:50,56,50:08,44,51:14,55,52:33,57,56:13,64,59:16,59,63:21,65,64:49,100,65:53,,,,,,,,,,,,,,,,,,,,,,,,
15,500739,20,Jelić,Ivor,,M,,0,97:00,170:03,73:03,0,2,KAP,OK Kapela,CRO,11,M21B,M21B,,,,,,,,,,,,,,,,0,0,0,,6,6,4.54,215,18,3,,170:03,34,03:25,32,06:41,36,09:32,41,12:24,42,14:49,43,16:57,37,20:10,33,23:24,31,39:32,58,44:03,56,49:25,44,50:44,55,51:50,57,61:28,64,64:54,59,69:10,65,70:38,100,71:54,,,,,,,,,,,,,,,,,,,,,,,,
121,232271,4,Đipalo,Bože,,M,,0,82:00,165:28,83:28,0,13,BJE,OK Bjelovar,CRO,11,M21B,M21B,,,,,,,,,,,,,,,,0,0,0,,6,6,4.54,215,18,4,,165:28,34,03:45,32,06:14,36,09:12,41,13:00,42,21:00,43,22:15,37,26:37,33,30:16,31,48:31,58,53:01,56,57:45,44,62:00,55,62:45,57,73:04,64,76:11,59,79:33,65,81:04,100,82:22,,,,,,,,,,,,,,,,,,,,,,,,
14,7300541,58,Delimar,Domagoj,,M,,0,85:00,169:41,84:41,0,2,KAP,OK Kapela,CRO,11,M21B,M21B,,,,,,,,,,,,,,,,0,0,0,,6,6,4.54,215,18,5,,169:41,34,06:16,32,10:11,36,13:36,41,17:00,42,23:38,43,25:01,37,28:16,33,34:05,31,45:14,58,57:04,56,64:25,44,66:14,55,67:18,57,75:30,64,77:42,59,81:14,65,82:28,100,83:50,,,,,,,,,,,,,,,,,,,,,,,,
119,2087750,83,Paskuj,Mátyás,,M,,0,76:00,173:11,97:11,0,12,MCB,Maccabi VAC - Hungary,HUN,11,M21B,M21B,,,,,,,,,,,,,,,,0,0,0,,6,6,4.54,215,18,6,,173:11,34,05:09,32,10:38,36,14:27,41,21:08,42,23:43,43,25:38,37,30:23,33,35:15,31,50:51,58,56:49,56,64:03,44,66:23,55,67:47,57,78:25,64,82:18,59,87:05,65,92:57,100,95:01,,,,,,,,,,,,,,,,,,,,,,,,
55,222408,99,Kolarek,Noa,,M,,0,88:00,186:28,98:28,0,4,Vihor,OK Vihor,CRO,11,M21B,M21B,,,,,,,,,,,,,,,,0,0,0,,6,6,4.54,215,18,7,,186:28,34,20:40,32,27:14,36,36:56,41,41:19,42,45:28,43,47:11,37,52:05,33,58:39,31,65:05,58,68:26,56,73:59,44,75:33,55,76:39,57,83:23,64,88:07,59,94:39,65,96:07,100,97:29,,,,,,,,,,,,,,,,,,,,,,,,
151,54282,141,Bilić,Ivan,,M,,0,100:00,212:06,112:06,0,11,OK MERZ CRO,OK Ivan Merz,CRO,11,M21B,M21B,,,,,,,,,,,,,,,,0,0,0,,6,6,4.54,215,18,8,,212:06,34,05:44,32,10:21,36,13:49,41,18:05,42,26:33,43,36:39,37,42:01,33,48:14,31,65:37,58,71:01,56,82:49,44,85:33,55,87:46,57,94:07,64,99:42,59,105:18,65,107:22,100,110:03,,,,,,,,,,,,,,,,,,,,,,,,
54,222412,125,Blažinč,Bruno,,M,,0,,,,0,4,Vihor,OK Vihor,CRO,11,M21B,M21B,,,,,,,,,,,,,,,,0,0,0,,6,6,4.54,215,18,,,,,,,,,,,,,,,,,,,,,,,,,,,,,,,,,,,,,,,,,,,,,,,,,,,,,,,,,,,,,,,
125,2113388,14,Lah,Siniša,,M,,0,94:00,188:15,94:15,3,14,OK Varaždin,Orijentacijski klub Varaždin,CRO,11,M21B,M21B,,,,,,,,,,,,,,,,0,0,0,,6,6,4.54,215,18,,,188:15,34,33:00,32,38:50,,,,,,,43,57:51,37,64:25,33,73:16,,,58,80:11,,,,,,,,,64,82:28,59,88:51,65,90:23,100,92:43,,,,,,,,,,,,,,,,,,,,,,,,
152,,142,,Vacant,,M,,0,103:00,,,0,,,,,11,M21B,M21B,,,,,,,,,,,,,,,,0,0,0,,6,6,4.54,215,18,,,,,,,,,,,,,,,,,,,,,,,,,,,,,,,,,,,,,,,,,,,,,,,,,,,,,,,,,,,,,,,
80,7820618,10,Delić,Petar,,M,,0,75:00,138:41,63:41,0,9,Maksimir,OK Maksimir,CRO,13,M35,M35,,,,,,,,,,,,,,,,0,0,0,,8,8,7.23,320,24,1,,138:41,32,02:55,33,04:47,34,07:19,35,10:05,62,12:03,36,13:54,37,16:26,38,18:26,39,20:20,40,21:31,41,22:42,42,24:00,43,24:52,44,31:20,45,35:03,46,38:39,47,44:24,54,49:42,55,51:52,56,53:20,57,54:55,58,57:57,59,60:41,100,62:45,,,,,,,,,,,,
72,8230775,97,Ocvirk,Edi,,M,,0,78:00,151:57,73:57,0,7,JAP,OK Japetic,CRO,13,M35,M35,,,,,,,,,,,,,,,,0,0,0,,8,8,7.23,320,24,2,,151:57,32,03:18,33,06:23,34,14:54,35,21:42,62,23:15,36,25:17,37,27:43,38,28:42,39,31:17,40,32:41,41,33:48,42,35:14,43,36:08,44,42:36,45,46:28,46,49:24,47,53:11,54,58:25,55,60:38,56,62:05,57,64:08,58,67:36,59,70:22,100,72:54,,,,,,,,,,,,
64,8232323,41,Budi,Franjo,,M,,0,87:00,170:34,83:34,0,7,JAP,OK Japetic,CRO,13,M35,M35,,,,,,,,,,,,,,,,0,0,0,,8,8,7.23,320,24,3,,170:34,32,03:29,33,05:19,34,08:12,35,12:34,62,14:45,36,16:53,37,19:53,38,21:11,39,27:41,40,29:20,41,31:11,42,32:51,43,34:21,44,42:51,45,47:50,46,52:24,47,57:07,54,64:30,55,67:32,56,69:32,57,72:57,58,77:36,59,80:33,100,82:32,,,,,,,,,,,,
28,218967,24,Antolić,Željko,,M,,0,81:00,171:02,90:02,0,3,OKM,OK Medjimurje,CRO,13,M35,M35,,,,,,,,,,,,,,,,0,0,0,,8,8,7.23,320,24,4,,171:02,32,07:55,33,10:06,34,12:55,35,20:51,62,23:12,36,25:31,37,28:55,38,30:17,39,34:03,40,35:29,41,37:03,42,38:39,43,40:09,44,49:53,45,54:16,46,58:03,47,62:26,54,70:37,55,73:45,56,75:40,57,78:54,58,83:25,59,86:19,100,88:59,,,,,,,,,,,,
3,2088246,44,Meštrović,Tomislav,,M,,0,96:00,198:37,102:37,0,2,KAP,OK Kapela,CRO,13,M35,M35,,,,,,,,,,,,,,,,0,0,0,,8,8,7.23,320,24,5,,198:37,32,05:35,33,08:21,34,11:45,35,15:26,62,18:09,36,20:53,37,24:24,38,26:01,39,28:56,40,30:29,41,32:22,42,37:16,43,39:03,44,48:49,45,57:57,46,63:25,47,75:33,54,83:29,55,86:17,56,88:16,57,90:01,58,94:19,59,97:58,100,101:18,,,,,,,,,,,,
63,7032222,49,Pongrac,Branimir,,M,,0,93:00,197:56,104:56,0,7,JAP,OK Japetic,CRO,13,M35,M35,,,,,,,,,,,,,,,,0,0,0,,8,8,7.23,320,24,6,,197:56,32,05:29,33,08:49,34,13:25,35,18:30,62,20:51,36,23:40,37,31:17,38,32:58,39,37:22,40,39:20,41,41:20,42,44:46,43,46:16,44,58:05,45,63:21,46,68:05,47,78:47,54,86:14,55,88:50,56,90:40,57,92:33,58,96:18,59,100:15,100,103:37,,,,,,,,,,,,
19,7211185,127,Bublić,Ivan,,M,,0,90:00,197:18,107:18,0,2,KAP,OK Kapela,CRO,13,M35,M35,,,,,,,,,,,,,,,,0,0,0,,8,8,7.23,320,24,7,,197:18,32,08:56,33,11:44,34,17:19,35,21:34,62,23:55,36,26:37,37,30:02,38,31:23,39,34:51,40,36:15,41,38:03,42,43:09,43,44:48,44,54:23,45,64:07,46,69:20,47,82:57,54,89:24,55,91:53,56,93:31,57,95:40,58,99:16,59,103:21,100,105:32,,,,,,,,,,,,
98,7211121,38,Stankovski,Dalibor,,M,,0,72:00,181:05,109:05,0,10,OK Jelen,OK Jelen,CRO,13,M35,M35,,,,,,,,,,,,,,,,0,0,0,,8,8,7.23,320,24,8,,181:05,32,04:25,33,06:24,34,09:39,35,13:13,62,15:43,36,20:29,37,24:03,38,25:37,39,28:43,40,30:24,41,32:19,42,35:37,43,36:54,44,49:11,45,57:30,46,70:40,47,76:18,54,84:17,55,88:14,56,90:38,57,93:25,58,98:30,59,104:26,100,107:47,,,,,,,,,,,,
111,1782000,95,Hainž,Miroslav,,M,,0,84:00,197:09,113:09,0,11,OK MERZ CRO,OK Ivan Merz,CRO,13,M35,M35,,,,,,,,,,,,,,,,0,0,0,,8,8,7.23,320,24,9,,197:09,32,06:16,33,08:23,34,11:27,35,15:13,62,17:30,36,19:29,37,22:01,38,22:59,39,25:30,40,26:51,41,28:03,42,29:25,43,30:21,44,39:59,45,44:49,46,75:30,47,87:40,54,95:42,55,98:25,56,99:56,57,101:42,58,105:30,59,109:35,100,112:16,,,,,,,,,,,,
131,8250869,145,Orehoci,Robert,,M,,0,99:00,217:00,118:00,0,13,BJE,OK Bjelovar,CRO,13,M35,M35,,,,,,,,,,,,,,,,0,0,0,,8,8,7.23,320,24,10,,217:00,32,04:06,33,06:12,34,16:53,35,29:03,62,31:22,36,34:23,37,37:32,38,38:48,39,47:20,40,48:40,41,50:18,42,52:05,43,53:34,44,62:06,45,66:36,46,71:35,47,88:37,54,99:56,55,102:40,56,104:33,57,107:26,58,111:15,59,114:39,100,116:51,,,,,,,,,,,,
132,,146,,Vacant,,M,,0,102:00,,,0,,,,,13,M35,M35,,,,,,,,,,,,,,,,0,0,0,,8,8,7.23,320,24,,,,,,,,,,,,,,,,,,,,,,,,,,,,,,,,,,,,,,,,,,,,,,,,,,,,,,,,,,,,,,,
73,2113424,119,Kosić,Luka,,M,,0,,,,0,7,JAP,OK Japetic,CRO,13,M35,M35,,,,,,,,,,,,,,,,0,0,0,,8,8,7.23,320,24,,,,,,,,,,,,,,,,,,,,,,,,,,,,,,,,,,,,,,,,,,,,,,,,,,,,,,,,,,,,,,,
88,7630314,88,Merunka,Darko,,M,,0,95:00,152:02,57:02,0,9,Maksimir,OK Maksimir,CRO,15,M45,M45,,,,,,,,,,,,,,,,0,0,0,,9,9,5.19,220,14,1,,152:02,37,07:51,38,09:03,39,13:46,40,15:39,41,17:20,42,18:49,43,20:29,44,28:42,45,34:02,47,39:32,58,47:30,59,52:04,65,54:42,100,56:04,,,,,,,,,,,,,,,,,,,,,,,,,,,,,,,,
4,720210,39,Vukmanović,Mladen,,M,,0,83:00,141:40,58:40,0,2,KAP,OK Kapela,CRO,15,M45,M45,,,,,,,,,,,,,,,,0,0,0,,9,9,5.19,220,14,2,,141:40,37,09:29,38,10:44,39,14:53,40,17:05,41,18:45,42,20:54,43,22:13,44,30:30,45,35:38,47,40:56,58,50:18,59,55:14,65,56:20,100,57:37,,,,,,,,,,,,,,,,,,,,,,,,,,,,,,,,
99,219399,47,Miljković,Damir,,M,,0,92:00,152:38,60:38,0,10,OK Jelen,OK Jelen,CRO,15,M45,M45,,,,,,,,,,,,,,,,0,0,0,,9,9,5.19,220,14,3,,152:38,37,07:33,38,12:28,39,17:37,40,18:58,41,20:10,42,21:43,43,23:39,44,31:32,45,37:07,47,41:56,58,50:40,59,55:24,65,57:05,100,59:12,,,,,,,,,,,,,,,,,,,,,,,,,,,,,,,,
82,7889999,66,Strmečki,Petar,,M,,0,68:00,135:55,67:55,0,9,Maksimir,OK Maksimir,CRO,15,M45,M45,,,,,,,,,,,,,,,,0,0,0,,9,9,5.19,220,14,4,,135:55,37,07:44,38,09:26,39,13:12,40,15:05,41,17:48,42,20:14,43,21:50,44,33:08,45,38:45,47,45:07,58,58:25,59,62:47,65,64:33,100,66:26,,,,,,,,,,,,,,,,,,,,,,,,,,,,,,,,
29,504523,1,Crljenica,Branko,,M,,0,102:00,170:42,68:42,0,3,OKM,OK Medjimurje,CRO,15,M45,M45,,,,,,,,,,,,,,,,X,0,0,,9,9,5.19,220,14,5,,170:42,37,07:43,38,09:03,39,13:07,40,14:25,41,15:58,42,17:54,43,19:13,44,37:40,45,45:56,47,51:37,58,62:24,59,65:16,65,66:38,100,67:51,,,,,,,,,,,,,,,,,,,,,,,,,,,,,,,,
33,893829,60,Delgado,Francisco,,M,,0,71:00,141:28,70:28,0,4,Vihor,OK Vihor,CRO,15,M45,M45,,,,,,,,,,,,,,,,0,0,0,,9,9,5.19,220,14,6,,141:28,37,09:41,38,11:31,39,19:04,40,21:18,41,23:30,42,25:44,43,27:14,44,39:18,45,45:21,47,52:30,58,62:05,59,66:23,65,67:58,100,69:21,,,,,,,,,,,,,,,,,,,,,,,,,,,,,,,,
48,1001629,104,Kuzmin,Igor,,M,,0,65:00,136:42,71:42,0,4,Vihor,OK Vihor,CRO,15,M45,M45,,,,,,,,,,,,,,,,0,0,0,,9,9,5.19,220,14,7,,136:42,37,06:35,38,07:37,39,13:06,40,14:38,41,16:18,42,17:45,43,19:02,44,30:02,45,41:18,47,55:32,58,65:01,59,68:36,65,69:43,100,70:49,,,,,,,,,,,,,,,,,,,,,,,,,,,,,,,,
108,446317,86,Šaflin,Zdravko,,M,,0,80:00,157:08,77:08,0,10,OK Jelen,OK Jelen,CRO,15,M45,M45,,,,,,,,,,,,,,,,0,0,0,,9,9,5.19,220,14,8,,157:08,37,11:51,38,14:26,39,18:55,40,22:36,41,25:25,42,28:03,43,29:53,44,40:19,45,44:59,47,51:45,58,67:27,59,72:47,65,74:20,100,75:52,,,,,,,,,,,,,,,,,,,,,,,,,,,,,,,,
21,2123970,116,Špoljar,Krešo,,M,,0,56:00,135:07,79:07,0,2,KAP,OK Kapela,CRO,15,M45,M45,,,,,,,,,,,,,,,,0,0,0,,9,9,5.19,220,14,9,,135:07,37,11:19,38,12:34,39,22:21,40,23:41,41,25:34,42,28:12,43,29:53,44,45:56,45,50:49,47,57:12,58,70:28,59,74:54,65,76:28,100,78:03,,,,,,,,,,,,,,,,,,,,,,,,,,,,,,,,
57,1401011,124,Trivunović,Vladimir,,M,,0,86:00,165:42,79:42,0,5,OK Sova,OK Sova,CRO,15,M45,M45,,,,,,,,,,,,,,,,0,0,0,,9,9,5.19,220,14,10,,165:42,37,06:40,38,07:55,39,12:49,40,14:28,41,16:10,42,18:26,43,19:42,44,29:12,45,39:05,47,44:56,58,67:44,59,72:54,65,75:39,100,78:37,,,,,,,,,,,,,,,,,,,,,,,,,,,,,,,,
20,2133029,122,Dasović,Hrvoje,,M,,0,77:00,158:08,81:08,0,2,KAP,OK Kapela,CRO,15,M45,M45,,,,,,,,,,,,,,,,0,0,0,,9,9,5.19,220,14,11,,158:08,37,11:32,38,13:11,39,18:12,40,19:57,41,21:36,42,25:26,43,27:31,44,37:33,45,46:38,47,54:08,58,70:32,59,75:53,65,77:30,100,79:02,,,,,,,,,,,,,,,,,,,,,,,,,,,,,,,,
32,7778000,61,Pavlin,Domagoj,,M,,0,53:00,135:38,82:38,0,4,Vihor,OK Vihor,CRO,15,M45,M45,,,,,,,,,,,,,,,,0,0,0,,9,9,5.19,220,14,12,,135:38,37,10:56,38,13:11,39,26:23,40,29:24,41,32:37,42,35:24,43,36:55,44,48:35,45,53:59,47,60:04,58,73:22,59,77:40,65,79:17,100,81:14,,,,,,,,,,,,,,,,,,,,,,,,,,,,,,,,
107,7891004,100,Bogović,Marijan,,M,,0,62:00,162:14,100:14,0,10,OK Jelen,OK Jelen,CRO,15,M45,M45,,,,,,,,,,,,,,,,0,0,0,,9,9,5.19,220,14,13,,162:14,37,07:37,38,09:07,39,16:11,40,17:37,41,19:24,42,21:01,43,22:14,44,33:09,45,44:24,47,76:11,58,91:06,59,95:31,65,97:55,100,99:06,,,,,,,,,,,,,,,,,,,,,,,,,,,,,,,,
134,,150,,Vacant,,M,,0,98:00,,,0,,,,,15,M45,M45,,,,,,,,,,,,,,,,0,0,0,,9,9,5.19,220,14,,,,,,,,,,,,,,,,,,,,,,,,,,,,,,,,,,,,,,,,,,,,,,,,,,,,,,,,,,,,,,,
81,701122,29,Kaniški,Robert,,M,,0,74:00,,,1,9,Maksimir,OK Maksimir,CRO,15,M45,M45,,,,,,,,,,,,,,,,0,0,0,,9,9,5.19,220,14,,,,,,,,,,,,,,,,,,,,,,,,,,,,,,,,,,,,,,,,,,,,,,,,,,,,,,,,,,,,,,,
89,300743,108,Vukelić,Bojan,,M,,0,59:00,,,2,9,Maksimir,OK Maksimir,CRO,15,M45,M45,,,,,,,,,,,,,,,,0,0,0,,9,9,5.19,220,14,,,,37,07:32,38,09:08,39,19:25,40,20:34,41,22:28,42,25:04,43,26:46,44,42:41,45,47:42,,,,,,,,,,,,,,,,,,,,,,,,,,,,,,,,,,,,,,,,,,
133,,149,,Vacant,,M,,0,50:00,,,0,,,,,15,M45,M45,,,,,,,,,,,,,,,,0,0,0,,9,9,5.19,220,14,,,,,,,,,,,,,,,,,,,,,,,,,,,,,,,,,,,,,,,,,,,,,,,,,,,,,,,,,,,,,,,
49,7212123,115,Gobec,Karlo,,M,,0,21:00,93:04,72:04,0,4,Vihor,OK Vihor,CRO,17,M55,M55,,,,,,,,,,,,,,,,0,0,0,,6,6,4.54,215,18,1,,93:04,34,06:28,32,10:19,36,13:39,41,17:29,42,20:16,43,22:38,37,27:25,33,31:43,31,39:15,58,43:36,56,50:22,44,52:25,55,54:17,57,59:11,64,62:51,59,66:50,65,68:39,100,70:46,,,,,,,,,,,,,,,,,,,,,,,,
22,893828,105,Raškaj,Darko,,M,,0,18:00,93:05,75:05,0,2,KAP,OK Kapela,CRO,17,M55,M55,,,,,,,,,,,,,,,,0,0,0,,6,6,4.54,215,18,2,,93:05,34,09:26,32,13:10,36,16:37,41,20:39,42,23:22,43,25:44,37,30:35,33,34:37,31,42:14,58,47:01,56,53:06,44,55:43,55,57:26,57,62:14,64,65:37,59,69:47,65,71:34,100,73:32,,,,,,,,,,,,,,,,,,,,,,,,
83,7040662,76,Horvat,Saša,,M,,0,33:00,109:22,76:22,0,9,Maksimir,OK Maksimir,CRO,17,M55,M55,,,,,,,,,,,,,,,,0,0,0,,6,6,4.54,215,18,3,,109:22,34,04:14,32,09:15,36,12:23,41,15:44,42,20:16,43,22:16,37,26:44,33,31:57,31,41:23,58,45:15,56,51:18,44,53:14,55,54:52,57,62:56,64,66:37,59,70:34,65,72:59,100,74:38,,,,,,,,,,,,,,,,,,,,,,,,
5,505905,19,Jelić,Mladen,,M,,0,24:00,109:26,85:26,0,2,KAP,OK Kapela,CRO,17,M55,M55,,,,,,,,,,,,,,,,0,0,0,,6,6,4.54,215,18,4,,109:26,34,05:26,32,09:22,36,13:38,41,17:45,42,21:00,43,23:25,37,30:12,33,34:49,31,44:08,58,48:15,56,54:00,44,55:46,55,57:23,57,71:41,64,75:03,59,80:24,65,81:56,100,83:48,,,,,,,,,,,,,,,,,,,,,,,,
34,546169,35,Matijašić,Josip,,M,,0,27:00,130:33,103:33,0,4,Vihor,OK Vihor,CRO,17,M55,M55,,,,,,,,,,,,,,,,0,0,0,,6,6,4.54,215,18,5,,130:33,34,05:07,32,14:11,36,18:29,41,27:27,42,33:03,43,35:51,37,41:33,33,46:39,31,59:48,58,65:11,56,73:43,44,75:54,55,77:55,57,84:51,64,91:20,59,97:20,65,99:31,100,102:02,,,,,,,,,,,,,,,,,,,,,,,,
135,,153,,Vacant,,M,,0,15:00,,,0,,,,,17,M55,M55,,,,,,,,,,,,,,,,0,0,0,,6,6,4.54,215,18,,,,,,,,,,,,,,,,,,,,,,,,,,,,,,,,,,,,,,,,,,,,,,,,,,,,,,,,,,,,,,,
136,236865,43,Lukačić,Ivo,,M,,0,,,,0,,,,,17,M55,M55,,,,,,,,,,,,,,,,0,0,0,,6,6,4.54,215,18,,,,,,,,,,,,,,,,,,,,,,,,,,,,,,,,,,,,,,,,,,,,,,,,,,,,,,,,,,,,,,,
109,446318,101,Besten,Miroslav,,M,,0,30:00,,,1,10,OK Jelen,OK Jelen,CRO,17,M55,M55,,,,,,,,,,,,,,,,0,0,0,,6,6,4.54,215,18,,,,,,,,,,,,,,,,,,,,,,,,,,,,,,,,,,,,,,,,,,,,,,,,,,,,,,,,,,,,,,,
65,406701,37,Pongrac,Ivan,,M,,0,54:00,106:02,52:02,0,7,JAP,OK Japetic,CRO,19,M65,M65,,,,,,,,,,,,,,,,0,0,0,,11,11,3.43,135,12,1,,106:02,34,03:56,32,08:54,41,12:54,37,27:04,38,28:28,33,32:40,55,37:12,56,38:55,57,40:51,64,44:38,65,48:18,100,50:51,,,,,,,,,,,,,,,,,,,,,,,,,,,,,,,,,,,,
120,232288,63,Belaj,Željko,,M,,0,42:00,96:11,54:11,0,13,BJE,OK Bjelovar,CRO,19,M65,M65,,,,,,,,,,,,,,,,0,0,0,,11,11,3.43,135,12,2,,96:11,34,04:13,32,09:14,41,14:24,37,18:17,38,20:19,33,29:23,55,34:31,56,39:01,57,42:22,64,47:38,65,50:40,100,52:40,,,,,,,,,,,,,,,,,,,,,,,,,,,,,,,,,,,,
112,1946000,91,Turkalj,Milan,,M,,0,51:00,112:33,61:33,0,11,OK MERZ CRO,OK Ivan Merz,CRO,19,M65,M65,,,,,,,,,,,,,,,,0,0,0,,11,11,3.43,135,12,3,,112:33,34,06:49,32,13:20,41,18:35,37,23:24,38,26:53,33,35:18,55,41:20,56,45:35,57,49:02,64,53:57,65,58:07,100,59:58,,,,,,,,,,,,,,,,,,,,,,,,,,,,,,,,,,,,
35,2132997,59,Mesić,Ivica,,M,,0,48:00,116:09,68:09,0,4,Vihor,OK Vihor,CRO,19,M65,M65,,,,,,,,,,,,,,,,0,0,0,,11,11,3.43,135,12,4,,116:09,34,05:15,32,09:27,41,19:17,37,30:00,38,32:08,33,44:00,55,49:44,56,54:13,57,57:19,64,61:30,65,64:36,100,66:53,,,,,,,,,,,,,,,,,,,,,,,,,,,,,,,,,,,,
90,236882,85,Čepelak,Radovan,,M,,0,39:00,144:47,105:47,0,9,Maksimir,OK Maksimir,CRO,19,M65,M65,,,,,,,,,,,,,,,,0,0,0,,11,11,3.43,135,12,5,,144:47,34,09:56,32,19:42,41,30:37,37,39:49,38,44:02,33,53:53,55,65:53,56,71:22,57,82:36,64,91:59,65,98:31,100,102:56,,,,,,,,,,,,,,,,,,,,,,,,,,,,,,,,,,,,
137,,155,,Vacant,,M,,0,45:00,,,0,,,,,19,M65,M65,,,,,,,,,,,,,,,,0,0,0,,11,11,3.43,135,12,,,,,,,,,,,,,,,,,,,,,,,,,,,,,,,,,,,,,,,,,,,,,,,,,,,,,,,,,,,,,,,
116,1999219,93,Labaš,Predrag,,M,,0,10:00,106:35,96:35,0,11,OK MERZ CRO,OK Ivan Merz,CRO,21,OPEN,OPEN,,,,,,,,,,,,,,,,0,0,0,,5,5,3.27,140,15,1,,106:35,60,07:05,35,14:31,62,23:55,36,46:46,41,53:43,38,56:34,37,58:19,33,64:08,63,68:26,55,71:40,56,82:46,57,85:17,64,89:13,65,92:04,100,94:46,,,,,,,,,,,,,,,,,,,,,,,,,,,,,,
16,2144744,62,Bogović,Ivana,,M,,0,04:00,119:31,115:31,0,2,KAP,OK Kapela,CRO,21,OPEN,OPEN,,,,,,,,,,,,,,,,0,0,0,,5,5,3.27,140,15,2,,119:31,60,02:44,35,05:42,62,12:01,36,30:43,41,39:54,38,42:58,37,44:57,33,67:04,63,70:55,55,74:24,56,78:00,57,101:04,64,106:44,65,111:23,100,113:31,,,,,,,,,,,,,,,,,,,,,,,,,,,,,,
126,2113340,52,Pasquino,Ivan,,M,,0,07:00,127:07,120:07,0,14,OK Varaždin,Orijentacijski klub Varaždin,CRO,21,OPEN,OPEN,,,,,,,,,,,,,,,,0,0,0,,5,5,3.27,140,15,3,,127:07,60,02:16,35,11:14,62,18:25,36,55:24,41,63:29,38,70:18,37,74:32,33,83:22,63,90:19,55,96:31,56,100:51,57,104:41,64,111:13,65,116:40,100,118:29,,,,,,,,,,,,,,,,,,,,,,,,,,,,,,
127,2113447,54,Dolenc,Julijana,,M,,0,,,,0,14,OK Varaždin,Orijentacijski klub Varaždin,CRO,21,OPEN,OPEN,,,,,,,,,,,,,,,,0,0,0,,5,5,3.27,140,15,,,,,,,,,,,,,,,,,,,,,,,,,,,,,,,,,,,,,,,,,,,,,,,,,,,,,,,,,,,,,,,
42,222409,7,Rako,Jure,,M,,0,,,,0,4,Vihor,OK Vihor,CRO,21,OPEN,OPEN,,,,,,,,,,,,,,,,0,0,0,,5,5,3.27,140,15,,,,,,,,,,,,,,,,,,,,,,,,,,,,,,,,,,,,,,,,,,,,,,,,,,,,,,,,,,,,,,,
153,222409,157,Horvat,Biserka,,M,,0,13:00,175:42,162:42,3,4,Vihor,OK Vihor,CRO,21,OPEN,OPEN,,,,,,,,,,,,,,,,0,0,0,,5,5,3.27,140,15,,,175:42,60,05:29,35,21:03,62,39:10,36,49:36,41,58:25,38,65:03,37,71:22,33,80:09,63,92:38,55,101:12,56,113:31,57,124:37,64,131:04,,,100,160:45,,,,,,,,,,,,,,,,,,,,,,,,,,,,,,
101,7551552,12,Delić,Dora,,M,,0,34:00,70:06,36:06,0,10,OK Jelen,OK Jelen,CRO,4,Ž12,Ž12,,,,,,,,,,,,,,,,0,0,0,,3,3,2.25,75,9,1,,70:06,60,02:17,61,04:21,62,08:43,33,15:46,63,20:49,58,26:39,64,28:45,65,32:22,100,34:03,,,,,,,,,,,,,,,,,,,,,,,,,,,,,,,,,,,,,,,,,,
23,2133024,118,Hercigonja,Lucija,,M,,0,28:00,74:49,46:49,0,2,KAP,OK Kapela,CRO,4,Ž12,Ž12,,,,,,,,,,,,,,,,0,0,0,,3,3,2.25,75,9,2,,74:49,60,02:23,61,05:49,62,11:01,33,17:10,63,21:32,58,25:29,64,37:00,65,43:59,100,45:36,,,,,,,,,,,,,,,,,,,,,,,,,,,,,,,,,,,,,,,,,,
37,222404,56,Pavić,Monika,,M,,0,22:00,74:38,52:38,0,4,Vihor,OK Vihor,CRO,4,Ž12,Ž12,,,,,,,,,,,,,,,,0,0,0,,3,3,2.25,75,9,3,,74:38,60,08:22,61,11:46,62,17:02,33,23:09,63,27:28,58,31:32,64,43:02,65,49:53,100,51:29,,,,,,,,,,,,,,,,,,,,,,,,,,,,,,,,,,,,,,,,,,
38,222419,6,Rako,Paola,,M,,0,,,,0,4,Vihor,OK Vihor,CRO,4,Ž12,Ž12,,,,,,,,,,,,,,,,0,0,0,,3,3,2.25,75,9,,,,,,,,,,,,,,,,,,,,,,,,,,,,,,,,,,,,,,,,,,,,,,,,,,,,,,,,,,,,,,,
100,7055033,11,Delić,Sara,,M,,0,25:00,,,1,10,OK Jelen,OK Jelen,CRO,4,Ž12,Ž12,,,,,,,,,,,,,,,,0,0,0,,3,3,2.25,75,9,,,,,,,,,,,,,,,,,,,,,,,,,,,,,,,,,,,,,,,,,,,,,,,,,,,,,,,,,,,,,,,
140,,134,,Vacant,,M,,0,31:00,,,0,,,,,4,Ž12,Ž12,,,,,,,,,,,,,,,,0,0,0,,3,3,2.25,75,9,,,,,,,,,,,,,,,,,,,,,,,,,,,,,,,,,,,,,,,,,,,,,,,,,,,,,,,,,,,,,,,
91,2061276,107,Vukelić,Dora,,M,,0,29:00,81:04,52:04,0,9,Maksimir,OK Maksimir,CRO,6,Ž14,Ž14,,,,,,,,,,,,,,,,0,0,0,,5,5,3.27,140,15,1,,81:04,60,01:13,35,03:52,62,06:26,36,09:32,41,12:55,38,15:05,37,16:24,33,20:09,63,22:53,55,26:14,56,29:04,57,42:36,64,46:05,65,48:44,100,50:53,,,,,,,,,,,,,,,,,,,,,,,,,,,,,,
50,893805,114,Gobec,Kimi Marija,,M,,0,38:00,116:21,78:21,0,4,Vihor,OK Vihor,CRO,6,Ž14,Ž14,,,,,,,,,,,,,,,,0,0,0,,5,5,3.27,140,15,2,,116:21,60,04:08,35,17:24,62,22:39,36,33:52,41,40:18,38,43:09,37,45:21,33,51:34,63,56:06,55,59:40,56,64:10,57,67:14,64,71:33,65,74:34,100,76:45,,,,,,,,,,,,,,,,,,,,,,,,,,,,,,
24,2133352,121,Dasović,Petra,,M,,0,35:00,123:05,88:05,0,2,KAP,OK Kapela,CRO,6,Ž14,Ž14,,,,,,,,,,,,,,,,0,0,0,,5,5,3.27,140,15,3,,123:05,60,01:41,35,04:02,62,15:42,36,27:31,41,31:26,38,42:36,37,44:17,33,57:31,63,62:30,55,65:33,56,69:39,57,73:41,64,79:28,65,85:13,100,87:01,,,,,,,,,,,,,,,,,,,,,,,,,,,,,,
141,,136,,Vacant,,M,,0,32:00,,,0,,,,,6,Ž14,Ž14,,,,,,,,,,,,,,,,0,0,0,,5,5,3.27,140,15,,,,,,,,,,,,,,,,,,,,,,,,,,,,,,,,,,,,,,,,,,,,,,,,,,,,,,,,,,,,,,,
53,1968042,110,Kukec,Marta,,M,,0,41:00,123:07,82:07,0,4,Vihor,OK Vihor,CRO,8,Ž16,Ž16,,,,,,,,,,,,,,,,0,0,0,,4,4,3.66,155,15,1,,123:07,35,14:14,32,17:15,62,19:53,36,30:59,40,36:44,38,41:38,37,43:19,33,47:56,58,54:54,55,60:46,56,63:26,57,67:44,64,73:30,65,79:16,100,81:05,,,,,,,,,,,,,,,,,,,,,,,,,,,,,,
86,1281204,30,Kaniški,Laura,,M,,0,47:00,,,1,9,Maksimir,OK Maksimir,CRO,8,Ž16,Ž16,,,,,,,,,,,,,,,,0,0,0,,4,4,3.66,155,15,,,,,,,,,,,,,,,,,,,,,,,,,,,,,,,,,,,,,,,,,,,,,,,,,,,,,,,,,,,,,,,
148,,138,,Vacant,,M,,0,44:00,,,0,,,,,8,Ž16,Ž16,,,,,,,,,,,,,,,,0,0,0,,4,4,3.66,155,15,,,,,,,,,,,,,,,,,,,,,,,,,,,,,,,,,,,,,,,,,,,,,,,,,,,,,,,,,,,,,,,
6,2105108,34,Jerković Perić,Olga,,M,,0,02:00,55:31,53:31,0,2,KAP,OK Kapela,CRO,10,Ž20,Ž20,,,,,,,,,,,,,,,,0,0,0,,6,6,4.54,215,18,1,,55:31,34,04:09,32,06:49,36,12:06,41,14:30,42,16:12,43,18:38,37,21:24,33,24:18,31,31:44,58,35:06,56,38:30,44,40:13,55,41:40,57,44:29,64,47:00,59,49:45,65,50:41,100,52:31,,,,,,,,,,,,,,,,,,,,,,,,
36,8231003,21,Pavlin,Paula,,M,,0,14:00,87:42,73:42,0,4,Vihor,OK Vihor,CRO,10,Ž20,Ž20,,,,,,,,,,,,,,,,0,0,0,,6,6,4.54,215,18,2,,87:42,34,04:59,32,09:33,36,18:49,41,24:35,42,26:57,43,29:27,37,33:59,33,38:32,31,45:44,58,49:16,56,55:53,44,57:13,55,58:25,57,62:47,64,66:00,59,69:24,65,70:51,100,72:34,,,,,,,,,,,,,,,,,,,,,,,,
139,,140,,Vacant,,M,,0,08:00,,,0,,,,,10,Ž20,Ž20,,,,,,,,,,,,,,,,0,0,0,,6,6,4.54,215,18,,,,,,,,,,,,,,,,,,,,,,,,,,,,,,,,,,,,,,,,,,,,,,,,,,,,,,,,,,,,,,,
113,1515155,94,Kermek,Dora,,M,,0,11:00,,,1,11,OK MERZ CRO,OK Ivan Merz,CRO,10,Ž20,Ž20,,,,,,,,,,,,,,,,0,0,0,,6,6,4.54,215,18,,,,,,,,,,,,,,,,,,,,,,,,,,,,,,,,,,,,,,,,,,,,,,,,,,,,,,,,,,,,,,,
114,1717177,92,Srebačić,Ana,,M,,0,05:00,,,1,11,OK MERZ CRO,OK Ivan Merz,CRO,10,Ž20,Ž20,,,,,,,,,,,,,,,,0,0,0,,6,6,4.54,215,18,,,,,,,,,,,,,,,,,,,,,,,,,,,,,,,,,,,,,,,,,,,,,,,,,,,,,,,,,,,,,,,
17,552005,72,Vukmanović,Vinka,,M,,0,52:00,104:01,52:01,0,2,KAP,OK Kapela,CRO,2,Ž21A,Ž21A,,,,,,,,,,,,,,,,0,0,0,,2,2,5.38,250,14,1,,104:01,31,01:19,42,08:05,43,09:11,44,15:56,45,19:46,46,23:40,47,31:17,54,36:26,55,39:05,56,40:36,57,42:10,58,45:45,59,48:43,100,50:45,,,,,,,,,,,,,,,,,,,,,,,,,,,,,,,,
78,8050200,109,Tišljar,Ana,,M,,0,32:00,97:29,65:29,0,8,ORI,OK Orion,CRO,2,Ž21A,Ž21A,,,,,,,,,,,,,,,,0,0,0,,2,2,5.38,250,14,2,,97:29,31,01:17,42,08:07,43,09:17,44,17:56,45,32:21,46,36:36,47,41:47,54,49:01,55,51:46,56,53:14,57,54:39,58,58:33,59,61:59,100,64:04,,,,,,,,,,,,,,,,,,,,,,,,,,,,,,,,
58,1404141,123,Flerin Drevenšek,Mojca,,M,,0,20:00,86:29,66:29,0,6,Kamniški OK,Kamniški orientacijski klub,SLO,2,Ž21A,Ž21A,,,,,,,,,,,,,,,,0,0,0,,2,2,5.38,250,14,3,,86:29,31,01:10,42,07:54,43,09:11,44,17:42,45,27:19,46,39:10,47,43:37,54,49:51,55,52:23,56,54:03,57,55:38,58,58:53,59,63:05,100,65:19,,,,,,,,,,,,,,,,,,,,,,,,,,,,,,,,
122,8041177,18,Orlić,Antonija,,M,,0,48:00,123:02,75:02,0,13,BJE,OK Bjelovar,CRO,2,Ž21A,Ž21A,,,,,,,,,,,,,,,,0,0,0,,2,2,5.38,250,14,4,,123:02,31,01:59,42,14:01,43,15:17,44,31:17,45,36:03,46,39:32,47,43:50,54,53:14,55,56:15,56,58:18,57,60:21,58,66:07,59,70:11,100,74:03,,,,,,,,,,,,,,,,,,,,,,,,,,,,,,,,
77,7600000,98,Jandrečić,Nola,,M,,0,36:00,131:35,95:35,0,7,JAP,OK Japetic,CRO,2,Ž21A,Ž21A,,,,,,,,,,,,,,,,0,0,0,,2,2,5.38,250,14,5,,131:35,31,02:03,42,11:41,43,13:00,44,21:57,45,26:28,46,31:28,47,36:40,54,55:41,55,58:38,56,60:24,57,74:57,58,84:34,59,92:09,100,94:34,,,,,,,,,,,,,,,,,,,,,,,,,,,,,,,,
43,893803,26,Gobec,Lea Katarina,,M,,0,40:00,136:56,96:56,0,4,Vihor,OK Vihor,CRO,2,Ž21A,Ž21A,,,,,,,,,,,,,,,,0,0,0,,2,2,5.38,250,14,6,,136:56,31,02:11,42,12:19,43,14:57,44,30:54,45,43:02,46,48:21,47,57:16,54,66:19,55,73:43,56,76:02,57,78:36,58,86:47,59,92:44,100,95:32,,,,,,,,,,,,,,,,,,,,,,,,,,,,,,,,
105,7663976,3,Beblek,Ana,,M,,0,28:00,,,1,10,OK Jelen,OK Jelen,CRO,2,Ž21A,Ž21A,,,,,,,,,,,,,,,,0,0,0,,2,2,5.38,250,14,,,,,,,,,,,,,,,,,,,,,,,,,,,,,,,,,,,,,,,,,,,,,,,,,,,,,,,,,,,,,,,
69,1403140,69,Pavić,Mirja,,M,,0,,,,0,7,JAP,OK Japetic,CRO,2,Ž21A,Ž21A,,,,,,,,,,,,,,,,0,0,0,,2,2,5.38,250,14,,,,,,,,,,,,,,,,,,,,,,,,,,,,,,,,,,,,,,,,,,,,,,,,,,,,,,,,,,,,,,,
154,,131,,Vacant,,M,,0,24:00,,,0,,,,,2,Ž21A,Ž21A,,,,,,,,,,,,,,,,0,0,0,,2,2,5.38,250,14,,,,,,,,,,,,,,,,,,,,,,,,,,,,,,,,,,,,,,,,,,,,,,,,,,,,,,,,,,,,,,,
155,,132,,Vacant,,M,,0,44:00,,,0,,,,,2,Ž21A,Ž21A,,,,,,,,,,,,,,,,0,0,0,,2,2,5.38,250,14,,,,,,,,,,,,,,,,,,,,,,,,,,,,,,,,,,,,,,,,,,,,,,,,,,,,,,,,,,,,,,,
27,2128411,80,Kos,Ines,,M,,0,69:00,109:35,40:35,0,2,KAP,OK Kapela,CRO,12,Ž21B,Ž21B,,,,,,,,,,,,,,,,0,0,0,,5,5,3.27,140,15,1,,109:35,60,01:24,35,03:05,62,06:05,36,08:57,41,12:49,38,14:42,37,15:58,33,20:01,63,22:16,55,24:27,56,26:27,57,28:27,64,35:29,65,37:49,100,39:03,,,,,,,,,,,,,,,,,,,,,,,,,,,,,,
59,1408132,117,Kmetec,Barbara,,M,,0,66:00,109:42,43:42,0,6,Kamniški OK,Kamniški orientacijski klub,SLO,12,Ž21B,Ž21B,,,,,,,,,,,,,,,,0,0,0,,5,5,3.27,140,15,2,,109:42,60,01:15,35,02:45,62,05:51,36,08:28,41,13:32,38,15:21,37,16:35,33,21:12,63,23:47,55,26:04,56,28:27,57,31:25,64,38:26,65,40:42,100,42:25,,,,,,,,,,,,,,,,,,,,,,,,,,,,,,
18,2133013,68,Mahečić,Ivana,,M,,0,63:00,108:12,45:12,0,2,KAP,OK Kapela,CRO,12,Ž21B,Ž21B,,,,,,,,,,,,,,,,0,0,0,,5,5,3.27,140,15,3,,108:12,60,01:48,35,09:01,62,12:38,36,15:12,41,18:55,38,20:52,37,22:10,33,25:52,63,28:03,55,30:30,56,32:34,57,34:38,64,40:26,65,42:46,100,44:02,,,,,,,,,,,,,,,,,,,,,,,,,,,,,,
70,2144791,23,Baburek,Gabrijela,,M,,0,72:00,120:10,48:10,0,7,JAP,OK Japetic,CRO,12,Ž21B,Ž21B,,,,,,,,,,,,,,,,0,0,0,,5,5,3.27,140,15,4,,120:10,60,02:02,35,03:55,62,08:17,36,13:32,41,18:31,38,21:09,37,22:29,33,27:09,63,29:53,55,32:31,56,35:17,57,38:04,64,41:28,65,44:52,100,46:45,,,,,,,,,,,,,,,,,,,,,,,,,,,,,,
157,411373,144,Cindrić Perković,Jasminka,,M,,0,78:00,127:48,49:48,0,3,OKM,OK Medjimurje,CRO,12,Ž21B,Ž21B,,,,,,,,,,,,,,,,0,0,0,,5,5,3.27,140,15,5,,127:48,60,02:00,35,04:29,62,10:03,36,13:18,41,17:36,38,20:52,37,22:45,33,27:21,63,30:27,55,33:28,56,36:26,57,39:39,64,43:22,65,46:14,100,48:02,,,,,,,,,,,,,,,,,,,,,,,,,,,,,,
118,2056180,82,Paskuj,Mátyásné,,M,,0,75:00,128:44,53:44,0,12,MCB,Maccabi VAC - Hungary,HUN,12,Ž21B,Ž21B,,,,,,,,,,,,,,,,0,0,0,,5,5,3.27,140,15,6,,128:44,60,04:37,35,08:04,62,13:43,36,17:32,41,21:30,38,23:47,37,25:10,33,29:38,63,32:57,55,35:34,56,39:47,57,42:24,64,46:14,65,49:31,100,51:38,,,,,,,,,,,,,,,,,,,,,,,,,,,,,,
106,7830625,13,Delić,Ana,,M,,0,60:00,115:34,55:34,0,10,OK Jelen,OK Jelen,CRO,12,Ž21B,Ž21B,,,,,,,,,,,,,,,,0,0,0,,5,5,3.27,140,15,7,,115:34,60,01:58,35,11:05,62,15:18,36,18:09,41,22:12,38,23:59,37,25:16,33,29:11,63,31:32,55,33:56,56,38:22,57,42:53,64,49:54,65,52:32,100,54:16,,,,,,,,,,,,,,,,,,,,,,,,,,,,,,
71,2143690,22,Govedarica,Zvjezdana,,M,,0,57:00,153:49,96:49,0,7,JAP,OK Japetic,CRO,12,Ž21B,Ž21B,,,,,,,,,,,,,,,,0,0,0,,5,5,3.27,140,15,8,,153:49,60,03:07,35,14:12,62,18:46,36,23:32,41,41:02,38,44:31,37,47:21,33,53:45,63,61:35,55,65:35,56,69:10,57,75:35,64,86:26,65,92:27,100,94:42,,,,,,,,,,,,,,,,,,,,,,,,,,,,,,
45,232289,27,Miličević,Aleksandra,,M,,0,,,,0,4,Vihor,OK Vihor,CRO,12,Ž21B,Ž21B,,,,,,,,,,,,,,,,0,0,0,,5,5,3.27,140,15,,,,,,,,,,,,,,,,,,,,,,,,,,,,,,,,,,,,,,,,,,,,,,,,,,,,,,,,,,,,,,,
156,,143,,Vacant,,M,,0,78:00,,,0,,,,,12,Ž21B,Ž21B,,,,,,,,,,,,,,,,0,0,0,,5,5,3.27,140,15,,,,,,,,,,,,,,,,,,,,,,,,,,,,,,,,,,,,,,,,,,,,,,,,,,,,,,,,,,,,,,,
44,222420,5,Rako,Sabina,,M,,0,,,,0,4,Vihor,OK Vihor,CRO,12,Ž21B,Ž21B,,,,,,,,,,,,,,,,0,0,0,,5,5,3.27,140,15,,,,,,,,,,,,,,,,,,,,,,,,,,,,,,,,,,,,,,,,,,,,,,,,,,,,,,,,,,,,,,,
56,222415,87,Tatić,Iva,,M,,0,,,,0,4,Vihor,OK Vihor,CRO,12,Ž21B,Ž21B,,,,,,,,,,,,,,,,0,0,0,,5,5,3.27,140,15,,,,,,,,,,,,,,,,,,,,,,,,,,,,,,,,,,,,,,,,,,,,,,,,,,,,,,,,,,,,,,,
74,700027,96,Ocvirk,Eva,,M,,0,24:00,85:25,61:25,0,7,JAP,OK Japetic,CRO,14,Ž35,Ž35,,,,,,,,,,,,,,,,0,0,0,,9,9,5.19,220,14,1,,85:25,37,08:27,38,09:47,39,17:49,40,19:18,41,20:53,42,22:20,43,23:28,44,31:42,45,39:47,47,44:18,58,53:38,59,57:52,65,59:12,100,60:21,,,,,,,,,,,,,,,,,,,,,,,,,,,,,,,,
92,7061277,103,Cini,Fabiana,,M,,0,09:00,95:13,86:13,0,9,Maksimir,OK Maksimir,CRO,14,Ž35,Ž35,,,,,,,,,,,,,,,,0,0,0,,9,9,5.19,220,14,2,,95:13,37,08:25,38,10:17,39,20:30,40,22:33,41,25:12,42,27:43,43,29:35,44,41:55,45,48:09,47,60:59,58,74:31,59,80:56,65,83:08,100,84:55,,,,,,,,,,,,,,,,,,,,,,,,,,,,,,,,
8,2105096,46,Čorko Meštrović,Irena,,M,,0,12:00,106:19,94:19,0,2,KAP,OK Kapela,CRO,14,Ž35,Ž35,,,,,,,,,,,,,,,,0,0,0,,9,9,5.19,220,14,3,,106:19,37,28:40,38,30:59,39,34:47,40,36:30,41,42:35,42,45:15,43,47:08,44,58:09,45,64:11,47,71:33,58,83:51,59,89:01,65,90:24,100,93:03,,,,,,,,,,,,,,,,,,,,,,,,,,,,,,,,
102,219392,73,Bedeković Tanković,Martina,,M,,0,27:00,122:54,95:54,0,10,OK Jelen,OK Jelen,CRO,14,Ž35,Ž35,,,,,,,,,,,,,,,,0,0,0,,9,9,5.19,220,14,4,,122:54,37,09:22,38,10:57,39,17:38,40,19:56,41,21:47,42,25:54,43,28:08,44,44:15,45,62:18,47,70:32,58,85:35,59,90:59,65,93:05,100,94:35,,,,,,,,,,,,,,,,,,,,,,,,,,,,,,,,
103,46479,33,Seražin Korper,Sabina,,M,,0,33:00,133:33,100:33,0,10,OK Jelen,OK Jelen,CRO,14,Ž35,Ž35,,,,,,,,,,,,,,,,0,0,0,,9,9,5.19,220,14,5,,133:33,37,10:26,38,12:16,39,22:21,40,24:30,41,30:32,42,33:34,43,35:42,44,52:47,45,59:45,47,68:09,58,88:03,59,94:19,65,96:45,100,98:48,,,,,,,,,,,,,,,,,,,,,,,,,,,,,,,,
1,423897,128,Erdősné Németh,Ágnes,,M,,0,06:00,107:15,101:15,0,1,Kanizsa,Nagykanizsa,HUN,14,Ž35,Ž35,,,,,,,,,,,,,,,,0,0,0,,9,9,5.19,220,14,6,,107:15,37,11:09,38,13:06,39,30:20,40,32:24,41,38:16,42,41:00,43,43:10,44,55:55,45,66:54,47,75:04,58,89:34,59,95:13,65,97:25,100,99:31,,,,,,,,,,,,,,,,,,,,,,,,,,,,,,,,
84,1261971,67,Jakšić,Mirka,,M,,0,30:00,163:12,133:12,0,9,Maksimir,OK Maksimir,CRO,14,Ž35,Ž35,,,,,,,,,,,,,,,,0,0,0,,9,9,5.19,220,14,7,,163:12,37,10:06,38,11:50,39,15:57,40,20:30,41,24:24,42,27:21,43,29:20,44,41:49,45,53:30,47,89:00,58,122:34,59,128:20,65,130:05,100,131:44,,,,,,,,,,,,,,,,,,,,,,,,,,,,,,,,
7,2133012,57,Krkić Drobić,Aida,,M,,0,15:00,,,1,2,KAP,OK Kapela,CRO,14,Ž35,Ž35,,,,,,,,,,,,,,,,0,0,0,,9,9,5.19,220,14,,,,,,,,,,,,,,,,,,,,,,,,,,,,,,,,,,,,,,,,,,,,,,,,,,,,,,,,,,,,,,,
142,,147,,Vacant,,M,,0,21:00,,,0,,,,,14,Ž35,Ž35,,,,,,,,,,,,,,,,0,0,0,,9,9,5.19,220,14,,,,,,,,,,,,,,,,,,,,,,,,,,,,,,,,,,,,,,,,,,,,,,,,,,,,,,,,,,,,,,,
66,1420785,40,Popović Budi,Daniela,,M,,0,18:00,,,1,7,JAP,OK Japetic,CRO,14,Ž35,Ž35,,,,,,,,,,,,,,,,0,0,0,,9,9,5.19,220,14,,,,,,,,,,,,,,,,,,,,,,,,,,,,,,,,,,,,,,,,,,,,,,,,,,,,,,,,,,,,,,,
143,,148,,Vacant,,M,,0,36:00,,,0,,,,,14,Ž35,Ž35,,,,,,,,,,,,,,,,0,0,0,,9,9,5.19,220,14,,,,,,,,,,,,,,,,,,,,,,,,,,,,,,,,,,,,,,,,,,,,,,,,,,,,,,,,,,,,,,,
67,750723,70,Kuzmanić,Ivana,,M,,0,43:00,135:14,92:14,0,7,JAP,OK Japetic,CRO,16,Ž45,Ž45,,,,,,,,,,,,,,,,0,0,0,,6,6,4.54,215,18,1,,135:14,34,05:45,32,16:02,36,19:27,41,23:16,42,26:39,43,28:58,37,35:04,33,39:10,31,54:54,58,62:52,56,68:32,44,70:53,55,72:39,57,76:56,64,81:06,59,87:14,65,89:25,100,90:53,,,,,,,,,,,,,,,,,,,,,,,,
51,411389,89,Miljković,Željka,,M,,0,64:00,157:23,93:23,0,4,Vihor,OK Vihor,CRO,16,Ž45,Ž45,,,,,,,,,,,,,,,,0,0,0,,6,6,4.54,215,18,2,,157:23,34,06:07,32,10:45,36,14:35,41,18:15,42,20:51,43,25:34,37,30:01,33,34:01,31,62:47,58,68:53,56,75:53,44,78:06,55,79:29,57,82:41,64,85:48,59,89:14,65,90:32,100,92:05,,,,,,,,,,,,,,,,,,,,,,,,
52,8667809,113,Punek Gobec,Neda,,M,,0,46:00,147:45,101:45,0,4,Vihor,OK Vihor,CRO,16,Ž45,Ž45,,,,,,,,,,,,,,,,0,0,0,,6,6,4.54,215,18,3,,147:45,34,04:07,32,08:26,36,13:37,41,18:01,42,20:46,43,22:52,37,28:01,33,33:20,31,43:41,58,48:06,56,56:00,44,57:52,55,59:36,57,80:53,64,86:14,59,91:43,65,94:23,100,99:35,,,,,,,,,,,,,,,,,,,,,,,,
117,2087744,42,Mihály,Gyöngyi,,M,,0,40:00,173:54,133:54,0,12,MCB,Maccabi VAC - Hungary,HUN,16,Ž45,Ž45,,,,,,,,,,,,,,,,0,0,0,,6,6,4.54,215,18,4,,173:54,34,14:31,32,18:10,36,21:41,41,29:45,42,33:51,43,50:21,37,54:11,33,58:11,31,73:18,58,89:45,56,97:31,44,99:07,55,106:09,57,111:00,64,116:34,59,122:34,65,130:18,100,131:56,,,,,,,,,,,,,,,,,,,,,,,,
85,7672905,32,Kraintz,Evelyn,,M,,0,61:00,208:47,147:47,0,9,Maksimir,OK Maksimir,CRO,16,Ž45,Ž45,,,,,,,,,,,,,,,,0,0,0,,6,6,4.54,215,18,5,,208:47,34,09:54,32,14:50,36,31:37,41,36:02,42,39:43,43,43:13,37,49:57,33,55:10,31,84:39,58,92:41,56,101:03,44,103:09,55,105:00,57,124:47,64,135:38,59,142:06,65,144:02,100,146:07,,,,,,,,,,,,,,,,,,,,,,,,
93,888973,77,Horvat,Mirjana,,M,,0,55:00,209:02,154:02,0,9,Maksimir,OK Maksimir,CRO,16,Ž45,Ž45,,,,,,,,,,,,,,,,0,0,0,,6,6,4.54,215,18,6,,209:02,34,15:47,32,20:45,36,30:49,41,36:02,42,41:13,43,44:01,37,51:35,33,58:08,31,90:18,58,98:34,56,107:13,44,109:19,55,111:13,57,130:44,64,141:47,59,148:18,65,150:18,100,152:12,,,,,,,,,,,,,,,,,,,,,,,,
144,,151,,Vacant,,M,,0,58:00,,,0,,,,,16,Ž45,Ž45,,,,,,,,,,,,,,,,0,0,0,,6,6,4.54,215,18,,,,,,,,,,,,,,,,,,,,,,,,,,,,,,,,,,,,,,,,,,,,,,,,,,,,,,,,,,,,,,,
145,,152,,Vacant,,M,,0,52:00,,,0,,,,,16,Ž45,Ž45,,,,,,,,,,,,,,,,0,0,0,,6,6,4.54,215,18,,,,,,,,,,,,,,,,,,,,,,,,,,,,,,,,,,,,,,,,,,,,,,,,,,,,,,,,,,,,,,,
40,222413,55,Pavić,Ana-Marija,,M,,0,70:00,160:30,90:30,3,4,Vihor,OK Vihor,CRO,16,Ž45,Ž45,,,,,,,,,,,,,,,,0,0,0,,6,6,4.54,215,18,,,160:30,34,38:36,,,,,,,,,,,,,,,,,,,,,,,,,,,,,,,,,,,,,,,,,,,,,,,,,,,,,,,,,,
39,7474605,51,Pavlin,Daliborka,,M,,0,,,,0,4,Vihor,OK Vihor,CRO,16,Ž45,Ž45,,,,,,,,,,,,,,,,0,0,0,,6,6,4.54,215,18,,,,,,,,,,,,,,,,,,,,,,,,,,,,,,,,,,,,,,,,,,,,,,,,,,,,,,,,,,,,,,,
9,2121763,25,Vuk,Srebrenka,,M,,0,67:00,,,1,2,KAP,OK Kapela,CRO,16,Ž45,Ž45,,,,,,,,,,,,,,,,0,0,0,,6,6,4.54,215,18,,,,,,,,,,,,,,,,,,,,,,,,,,,,,,,,,,,,,,,,,,,,,,,,,,,,,,,,,,,,,,,
115,1414144,90,Zadravec-Kermek,Senija,,M,,0,49:00,,,1,11,OK MERZ CRO,OK Ivan Merz,CRO,16,Ž45,Ž45,,,,,,,,,,,,,,,,0,0,0,,6,6,4.54,215,18,,,,,,,,,,,,,,,,,,,,,,,,,,,,,,,,,,,,,,,,,,,,,,,,,,,,,,,,,,,,,,,
41,636977,36,Cvitković,Maja,,M,,0,18:00,84:25,66:25,0,4,Vihor,OK Vihor,CRO,18,Ž55,Ž55,,,,,,,,,,,,,,,,0,0,0,,10,10,3.8,145,12,1,,84:25,62,07:13,36,12:03,33,16:00,38,21:01,41,24:11,37,27:50,34,39:10,58,42:41,55,49:45,56,53:21,65,62:05,100,64:18,,,,,,,,,,,,,,,,,,,,,,,,,,,,,,,,,,,,
10,2125773,8,Ebenspanger,Emilija,,M,,0,24:00,96:05,72:05,0,2,KAP,OK Kapela,CRO,18,Ž55,Ž55,,,,,,,,,,,,,,,,0,0,0,,10,10,3.8,145,12,2,,96:05,62,08:01,36,11:08,33,16:07,38,21:07,41,25:21,37,28:29,34,46:22,58,49:23,55,54:47,56,57:35,65,68:14,100,70:21,,,,,,,,,,,,,,,,,,,,,,,,,,,,,,,,,,,,
11,247360,9,Čuljak Gross,Mladenka,,M,,0,15:00,96:03,81:03,0,2,KAP,OK Kapela,CRO,18,Ž55,Ž55,,,,,,,,,,,,,,,,0,0,0,,10,10,3.8,145,12,3,,96:03,62,07:49,36,12:14,33,16:36,38,22:15,41,25:27,37,28:43,34,55:20,58,58:16,55,63:55,56,66:50,65,77:05,100,79:28,,,,,,,,,,,,,,,,,,,,,,,,,,,,,,,,,,,,
68,237598,74,Fabek,Branka,,M,,0,12:00,111:49,99:49,0,7,JAP,OK Japetic,CRO,18,Ž55,Ž55,,,,,,,,,,,,,,,,0,0,0,,10,10,3.8,145,12,4,,111:49,62,08:40,36,27:42,33,32:52,38,37:11,41,42:49,37,46:53,34,58:31,58,61:53,55,68:11,56,71:54,65,93:41,100,96:53,,,,,,,,,,,,,,,,,,,,,,,,,,,,,,,,,,,,
146,,154,,Vacant,,M,,0,21:00,,,0,,,,,18,Ž55,Ž55,,,,,,,,,,,,,,,,0,0,0,,10,10,3.8,145,12,,,,,,,,,,,,,,,,,,,,,,,,,,,,,,,,,,,,,,,,,,,,,,,,,,,,,,,,,,,,,,,
94,236886,84,Vendler Čepelak,Željka,,M,,0,25:00,92:15,67:15,0,9,Maksimir,OK Maksimir,CRO,20,Ž65,Ž65,,,,,,,,,,,,,,,,0,0,0,,11,11,3.43,135,12,1,,92:15,34,07:54,32,16:20,41,23:34,37,27:13,38,30:10,33,36:07,55,44:25,56,48:18,57,52:32,64,57:49,65,62:32,100,65:13,,,,,,,,,,,,,,,,,,,,,,,,,,,,,,,,,,,,
25,2109704,120,Franc,Vera,,M,,0,31:00,128:16,97:16,0,2,KAP,OK Kapela,CRO,20,Ž65,Ž65,,,,,,,,,,,,,,,,0,0,0,,11,11,3.43,135,12,2,,128:16,34,23:21,32,28:24,41,35:41,37,50:42,38,52:40,33,61:48,55,80:46,56,83:39,57,86:51,64,90:38,65,93:34,100,95:26,,,,,,,,,,,,,,,,,,,,,,,,,,,,,,,,,,,,
147,,156,,Vacant,,M,,0,28:00,,,0,,,,,20,Ž65,Ž65,,,,,,,,,,,,,,,,0,0,0,,11,11,3.43,135,12,,,,,,,,,,,,,,,,,,,,,,,,,,,,,,,,,,,,,,,,,,,,,,,,,,,,,,,,,,,,,,,
