Stno;Chip;Database Id;Surname;First name;YB;S;Block;nc;Start;Finish;Time;Classifier;Club no.;Cl.name;City;Nat;Cl. no.;Short;Long;Num1;Num2;Num3;Text1;Text2;Text3;Adr. name;Street;Line2;Zip;City;Phone;Fax;EMail;Id/Club;Rented;Start fee;Paid;National ID;Course no.;Course;km;m;Course controls;Pl;Start punch;Finish punch;Control1;Punch1;Control2;Punch2;Control3;Punch3;Control4;Punch4;Control5;Punch5;Control6;Punch6;Control7;Punch7;Control8;Punch8;Control9;Punch9;Control10;Punch10;(may be more) ...
117;222417;"31";"Pavliæ";"Tin";;M;;0;23:00;59:34;36:34;0;9;"Vihor";"OK Vihor";"CRO";20;"M12";"M12";;;;"";"";"";"";"";"";"";"";"";"";"";;0;"0,0";0;"";2;"MW12";"1.64";"50";7;1;;59:34;49;02:50;44;07:25;45;25:38;46;29:05;47;31:28;48;33:21;100;35:40;
67;1401002;"107";"Ištvan";"Jakov";;M;;0;15:00;59:30;44:30;0;3;"OK Sova";"OK Sova";"CRO";20;"M12";"M12";;;;"";"";"";"";"";"";"";"";"";"";"";;0;"0,0";0;"";2;"MW12";"1.64";"50";7;2;;59:30;49;10:53;44;15:29;45;33:34;46;37:08;47;39:30;48;41:28;100;43:42;
118;222420;"62";"Tutiæ";"Teo";;M;;0;03:00;;;2;9;"Vihor";"OK Vihor";"CRO";20;"M12";"M12";;;;"";"";"";"";"";"";"";"";"";"";"";;0;"0,0";0;"";2;"MW12";"1.64";"50";7;;;;49;01:53;44;05:14;;;;;;;;;;;
146;1394831;"78";"Gligora";"Roko";;M;;0;11:00;;;1;11;"TOR";"OK Torpedo";"CRO";20;"M12";"M12";;;;"";"";"";"";"";"";"";"";"";"";"";;0;"0,0";0;"";2;"MW12";"1.64";"50";7;;;;;;;;;;;;;;;;;;
7;422993;"114";"Posavec";"Borna";;M;;0;07:00;37:58;30:58;3;;"";"";"";20;"M12";"M12";;;;"";"";"";"";"";"";"";"";"";"";"";;X;"0,0";0;"";2;"MW12";"1.64";"50";7;;;37:58;;;;;45;23:19;46;24:49;47;26:41;48;28:39;100;30:21;
8;;"115";"";"Vacant";;M;;0;19:00;;;0;;"";"";"";20;"M12";"M12";;;;"";"";"";"";"";"";"";"";"";"";"";;0;"0,0";0;"";2;"MW12";"1.64";"50";7;;;;;;;;;;;;;;;;;;
121;222403;"37";"Kukec";"Jura";;M;;0;45:00;81:18;36:18;0;9;"Vihor";"OK Vihor";"CRO";22;"M14";"M14";;;;"";"";"";"";"";"";"";"";"";"";"";;0;"0,0";0;"";6;"m14w16";"2.15";"60";7;1;;81:18;41;06:35;55;20:10;46;23:04;45;24:16;57;29:28;43;32:58;100;35:46;
119;893811;"30";"Gobec";"Jan";;M;;0;33:00;81:14;48:14;0;9;"Vihor";"OK Vihor";"CRO";22;"M14";"M14";;;;"";"";"";"";"";"";"";"";"";"";"";;0;"0,0";0;"";6;"m14w16";"2.15";"60";7;2;;81:14;41;21:09;55;32:16;46;35:00;45;36:11;57;41:44;43;45:00;100;47:33;
120;504517;"55";"Gobec";"Timo Vilim";;M;;0;25:00;81:56;56:56;0;9;"Vihor";"OK Vihor";"CRO";22;"M14";"M14";;;;"";"";"";"";"";"";"";"";"";"";"";;0;"0,0";0;"";6;"m14w16";"2.15";"60";7;3;;81:56;41;20:32;55;40:27;46;43:19;45;44:57;57;49:35;43;53:01;100;56:16;
101;428003;"50";"Antoloviæ";"Lovro";;M;;0;49:00;;;1;8;"JAP";"OK Japetic";"CRO";22;"M14";"M14";;;;"";"";"";"";"";"";"";"";"";"";"";;0;"0,0";0;"";6;"m14w16";"2.15";"60";7;;;;;;;;;;;;;;;;;;
100;237600;"43";"Mihaljeviæ";"Dominik";;M;;0;37:00;;;1;8;"JAP";"OK Japetic";"CRO";22;"M14";"M14";;;;"";"";"";"";"";"";"";"";"";"";"";;0;"0,0";0;"";6;"m14w16";"2.15";"60";7;;;;;;;;;;;;;;;;;;
147;1394836;"79";"Barbaliæ";"Deni";;M;;0;21:00;;;2;11;"TOR";"OK Torpedo";"CRO";22;"M14";"M14";;;;"";"";"";"";"";"";"";"";"";"";"";;0;"0,0";0;"";6;"m14w16";"2.15";"60";7;;;;41;15:17;55;105:27;46;110:25;45;133:22;;;;;;;
11;;"118";"";"Vacant";;M;;0;41:00;;;0;;"";"";"";22;"M14";"M14";;;;"";"";"";"";"";"";"";"";"";"";"";;0;"0,0";0;"";6;"m14w16";"2.15";"60";7;;;;;;;;;;;;;;;;;;
12;;"119";"";"Vacant";;M;;0;29:00;;;0;;"";"";"";22;"M14";"M14";;;;"";"";"";"";"";"";"";"";"";"";"";;0;"0,0";0;"";6;"m14w16";"2.15";"60";7;;;;;;;;;;;;;;;;;;
131;222416;"73";"Kirin";"Dominik";;M;;0;04:00;45:24;41:24;0;9;"Vihor";"OK Vihor";"CRO";24;"M16";"M16";;;;"";"";"";"";"";"";"";"";"";"";"";;0;"0,0";0;"";8;"m16m21b";"2.5";"95";10;1;;45:24;39;03:30;41;05:32;32;10:44;52;17:07;54;18:07;55;21:17;57;27:29;53;36:53;48;38:35;100;40:52;
80;422995;"15";"Janžek";"Gregor";;M;;0;24:00;71:55;47:55;0;6;"OKM";"OK Medjimurje";"CRO";24;"M16";"M16";;;;"";"";"";"";"";"";"";"";"";"";"";;0;"0,0";0;"";8;"m16m21b";"2.5";"95";10;2;;71:55;39;05:12;41;09:41;32;16:10;52;21:35;54;23:22;55;27:41;57;30:15;53;43:17;48;45:44;100;47:18;
108;999505;"48";"Cvetkoviæ";"Filip";;M;;0;20:00;71:56;51:56;0;8;"JAP";"OK Japetic";"CRO";24;"M16";"M16";;;;"";"";"";"";"";"";"";"";"";"";"";;0;"0,0";0;"";8;"m16m21b";"2.5";"95";10;3;;71:56;39;12:02;41;13:45;32;20:13;52;25:41;54;27:15;55;31:46;57;34:24;53;47:19;48;49:45;100;51:21;
107;237593;"41";"Puhariæ";"Roko";;M;;0;32:00;98:43;66:43;0;8;"JAP";"OK Japetic";"CRO";24;"M16";"M16";;;;"";"";"";"";"";"";"";"";"";"";"";;0;"0,0";0;"";8;"m16m21b";"2.5";"95";10;4;;98:43;39;22:59;41;32:25;32;42:39;52;46:33;54;47:58;55;52:16;57;54:05;53;62:24;48;64:51;100;66:06;
132;222402;"35";"Èerneliæ";"Lucijan";;M;;0;16:00;110:32;94:32;0;9;"Vihor";"OK Vihor";"CRO";24;"M16";"M16";;;;"";"";"";"";"";"";"";"";"";"";"";;0;"0,0";0;"";8;"m16m21b";"2.5";"95";10;5;;110:32;39;16:11;41;20:40;32;49:40;52;58:11;54;67:59;55;74:42;57;76:57;53;89:56;48;92:13;100;93:30;
88;422984;"28";"Jurak";"Filip";;M;;0;08:00;110:26;102:26;0;7;"IME";"Ivan Merz";"CRO";24;"M16";"M16";;;;"";"";"";"";"";"";"";"";"";"";"";;0;"0,0";0;"";8;"m16m21b";"2.5";"95";10;6;;110:26;39;24:23;41;27:52;32;57:38;52;66:14;54;76:02;55;82:47;57;84:52;53;97:52;48;100:11;100;101:32;
27;;"123";"";"Vacant";;M;;0;12:00;;;0;;"";"";"";24;"M16";"M16";;;;"";"";"";"";"";"";"";"";"";"";"";;0;"0,0";0;"";8;"m16m21b";"2.5";"95";10;;;;;;;;;;;;;;;;;;;;;;;;
26;;"122";"";"Vacant";;M;;0;28:00;;;0;;"";"";"";24;"M16";"M16";;;;"";"";"";"";"";"";"";"";"";"";"";;0;"0,0";0;"";8;"m16m21b";"2.5";"95";10;;;;;;;;;;;;;;;;;;;;;;;;
66;1401001;"106";"Ivkoviæ";"Luka";;M;;0;05:00;52:41;47:41;0;3;"OK Sova";"OK Sova";"CRO";26;"M20";"M20";;;;"";"";"";"";"";"";"";"";"";"";"";;0;"0,0";0;"";4;"m20m35";"3.02";"130";12;1;;52:41;51;17:58;31;19:24;52;22:22;34;23:47;40;27:30;36;33:21;50;35:53;37;37:36;38;41:55;53;44:09;48;45:54;100;47:01;
91;5724;"93";"Štambuk";"Andro Vladimir";;M;;0;17:00;67:14;50:14;0;7;"IME";"Ivan Merz";"CRO";26;"M20";"M20";;;;"";"";"";"";"";"";"";"";"";"";"";;0;"0,0";0;"";4;"m20m35";"3.02";"130";12;2;;67:14;51;05:56;31;07:11;52;10:15;34;11:43;40;15:34;36;21:43;50;23:49;37;25:20;38;28:17;53;46:23;48;48:16;100;49:35;
3;;"126";"";"Vacant";;M;;0;09:00;;;0;;"";"";"";26;"M20";"M20";;;;"";"";"";"";"";"";"";"";"";"";"";;0;"0,0";0;"";4;"m20m35";"3.02";"130";12;;;;;;;;;;;;;;;;;;;;;;;;;;;;
4;;"127";"";"Vacant";;M;;0;13:00;;;0;;"";"";"";26;"M20";"M20";;;;"";"";"";"";"";"";"";"";"";"";"";;0;"0,0";0;"";4;"m20m35";"3.02";"130";12;;;;;;;;;;;;;;;;;;;;;;;;;;;;
113;7600000;"86";"Razum";"Matija";;M;;0;80:00;113:31;33:31;0;8;"JAP";"OK Japetic";"CRO";29;"M21A";"M21A";;;;"";"";"";"";"";"";"";"";"";"";"";;0;"0,0";0;"";1;"M21";"3.57";"180";14;1;;113:31;31;04:20;32;06:00;33;07:42;34;10:43;39;13:11;41;14:44;42;17:15;35;19:17;36;20:26;37;23:07;38;25:43;53;29:21;43;31:19;100;33:00;
142;893831;"83";"Varnica";"Tomislav";;M;;0;76:00;113:46;37:46;0;9;"Vihor";"OK Vihor";"CRO";29;"M21A";"M21A";;;;"";"";"";"";"";"";"";"";"";"";"";;0;"0,0";0;"";1;"M21";"3.57";"180";14;2;;113:46;31;05:01;32;07:26;33;09:34;34;12:59;39;16:25;41;18:31;42;21:00;35;23:28;36;24:42;37;27:58;38;31:16;53;33:15;43;35:20;100;37:16;
95;889172;"89";"Štambuk";"Matej";;M;;0;48:00;90:23;42:23;0;7;"IME";"Ivan Merz";"CRO";29;"M21A";"M21A";;;;"";"";"";"";"";"";"";"";"";"";"";;0;"0,0";0;"";1;"M21";"3.57";"180";14;3;;90:23;31;05:42;32;07:42;33;10:39;34;16:05;39;19:28;41;20:59;42;23:34;35;28:04;36;29:16;37;32:36;38;35:59;53;37:41;43;39:58;100;41:55;
134;585858;"20";"Gobec";"Damir";;M;;0;84:00;129:34;45:34;0;9;"Vihor";"OK Vihor";"CRO";29;"M21A";"M21A";;;;"";"";"";"";"";"";"";"";"";"";"";;0;"0,0";0;"";1;"M21";"3.57";"180";14;4;;129:34;31;08:20;32;10:30;33;12:48;34;16:22;39;19:06;41;21:13;42;24:07;35;28:01;36;29:40;37;32:56;38;38:42;53;41:24;43;43:02;100;45:04;
109;7777733;"32";"Markoviæ";"Frane";;M;;0;56:00;105:03;49:03;0;8;"JAP";"OK Japetic";"CRO";29;"M21A";"M21A";;;;"";"";"";"";"";"";"";"";"";"";"";;0;"0,0";0;"";1;"M21";"3.57";"180";14;5;;105:03;31;06:43;32;08:51;33;12:37;34;16:23;39;19:52;41;22:07;42;24:46;35;27:01;36;30:33;37;36:36;38;40:16;53;43:18;43;46:15;100;48:23;
47;439230;"111";"Spasiæ";"Vladimir";;M;;0;72:00;122:27;50:27;0;1;"KAP";"OK Kapela";"CRO";29;"M21A";"M21A";;;;"";"";"";"";"";"";"";"";"";"";"";;0;"0,0";0;"";1;"M21";"3.57";"180";14;6;;122:27;31;07:42;32;10:00;33;12:32;34;15:37;39;19:06;41;22:34;42;26:47;35;30:39;36;32:58;37;36:49;38;40:37;53;43:35;43;47:41;100;49:42;
135;222404;"18";"Suhina";"Vanja";;M;;0;60:00;126:09;66:09;0;9;"Vihor";"OK Vihor";"CRO";29;"M21A";"M21A";;;;"";"";"";"";"";"";"";"";"";"";"";;0;"0,0";0;"";1;"M21";"3.57";"180";14;7;;126:09;31;07:30;32;09:50;33;16:14;34;20:20;39;24:24;41;26:41;42;34:52;35;38:09;36;40:14;37;43:36;38;54:46;53;60:19;43;63:17;100;65:36;
30;;"132";"";"Vacant";;M;;0;52:00;;;0;;"";"";"";29;"M21A";"M21A";;;;"";"";"";"";"";"";"";"";"";"";"";;0;"0,0";0;"";1;"M21";"3.57";"180";14;;;;;;;;;;;;;;;;;;;;;;;;;;;;;;;;
96;889671;"90";"Štambuk";"Mario";;M;;0;64:00;;;1;7;"IME";"Ivan Merz";"CRO";29;"M21A";"M21A";;;;"";"";"";"";"";"";"";"";"";"";"";;0;"0,0";0;"";1;"M21";"3.57";"180";14;;;;;;;;;;;;;;;;;;;;;;;;;;;;;;;;
31;;"133";"";"Vacant";;M;;0;68:00;;;0;;"";"";"";29;"M21A";"M21A";;;;"";"";"";"";"";"";"";"";"";"";"";;0;"0,0";0;"";1;"M21";"3.57";"180";14;;;;;;;;;;;;;;;;;;;;;;;;;;;;;;;;
71;1817161;"7";"Perica";"Petar";;M;;0;68:00;102:28;34:28;0;4;"BJE";"OK Bjelovar";"CRO";31;"M21B";"M21B";;;;"";"";"";"";"";"";"";"";"";"";"";;0;"0,0";0;"";8;"m16m21b";"2.5";"95";10;1;;102:28;39;04:12;41;06:34;32;11:39;52;15:21;54;16:21;55;20:45;57;23:14;53;29:38;48;31:56;100;33:50;
70;232287;"59";"Despetoviæ";"Tihomir";;M;;0;56:00;102:22;46:22;0;4;"BJE";"OK Bjelovar";"CRO";31;"M21B";"M21B";;;;"";"";"";"";"";"";"";"";"";"";"";;0;"0,0";0;"";8;"m16m21b";"2.5";"95";10;2;;102:22;39;16:16;41;18:39;32;23:25;52;27:18;54;28:12;55;32:37;57;35:10;53;41:31;48;44:01;100;45:39;
152;219388;"69";"Šeperiæ-Grdiša";"Ivan";;M;;0;64:00;110:29;46:29;0;12;"OK Jelen";"OK Jelen";"CRO";31;"M21B";"M21B";;;;"";"";"";"";"";"";"";"";"";"";"";;0;"0,0";0;"";8;"m16m21b";"2.5";"95";10;3;;110:29;39;04:46;41;07:24;32;13:23;52;17:15;54;18:38;55;25:29;57;28:37;53;41:47;48;44:06;100;45:39;
138;235087;"63";"Tutiæ";"Dražen";;M;;0;72:00;126:16;54:16;0;9;"Vihor";"OK Vihor";"CRO";31;"M21B";"M21B";;;;"";"";"";"";"";"";"";"";"";"";"";;0;"0,0";0;"";8;"m16m21b";"2.5";"95";10;4;;126:16;39;10:19;41;14:46;32;23:09;52;30:58;54;32:29;55;36:01;57;38:57;53;48:32;48;51:42;100;53:25;
81;422996;"14";"Janžek";"Lovro";;M;;0;60:00;126:05;66:05;0;6;"OKM";"OK Medjimurje";"CRO";31;"M21B";"M21B";;;;"";"";"";"";"";"";"";"";"";"";"";;0;"0,0";0;"";8;"m16m21b";"2.5";"95";10;5;;126:05;39;15:41;41;23:35;32;34:15;52;39:06;54;41:07;55;45:49;57;49:38;53;58:56;48;61:50;100;65:19;
35;1401009;"137";"Pajèin";"Nikola";;M;;0;84:00;134:28;50:28;3;3;"OK Sova";"OK Sova";"CRO";31;"M21B";"M21B";;;;"";"";"";"";"";"";"";"";"";"";"";;0;"0,0";0;"";8;"m16m21b";"2.5";"95";10;;;134:28;39;03:53;41;06:31;32;11:47;52;16:23;54;19:12;55;23:31;57;27:18;;;48;46:11;100;49:09;
34;;"136";"";"Vacant";;M;;0;76:00;;;0;;"";"";"";31;"M21B";"M21B";;;;"";"";"";"";"";"";"";"";"";"";"";;0;"0,0";0;"";8;"m16m21b";"2.5";"95";10;;;;;;;;;;;;;;;;;;;;;;;;
110;237599;"47";"Cvetkoviæ";"Robert";;M;;0;80:00;;;2;8;"JAP";"OK Japetic";"CRO";31;"M21B";"M21B";;;;"";"";"";"";"";"";"";"";"";"";"";;0;"0,0";0;"";8;"m16m21b";"2.5";"95";10;;;;39;08:01;41;11:20;;;52;25:20;54;28:03;55;33:38;57;38:02;;;48;44:44;;;
112;700030;"87";"Legac";"Lino";;M;;0;85:00;112:23;27:23;0;8;"JAP";"OK Japetic";"CRO";33;"M35";"M35";;;;"";"";"";"";"";"";"";"";"";"";"";;0;"0,0";0;"";4;"m20m35";"3.02";"130";12;1;;112:23;51;04:47;31;06:27;52;09:22;34;10:42;40;14:08;36;15:59;50;17:53;37;18:53;38;22:10;53;24:08;48;25:42;100;26:50;
52;701122;"71";"Kaniški";"Tomislav";;M;;0;57:00;88:47;31:47;0;2;"Maksimir";"OK Maksimir";"CRO";33;"M35";"M35";;;;"";"";"";"";"";"";"";"";"";"";"";;0;"0,0";0;"";4;"m20m35";"3.02";"130";12;2;;88:47;51;06:51;31;08:20;52;11:23;34;12:43;40;16:39;36;18:01;50;20:23;37;21:51;38;25:34;53;28:16;48;30:04;100;31:11;
76;500460;"96";"Salopek";"Tihomir";;M;;0;37:00;72:34;35:34;0;5;"RIS";"OK Ris Delnice";"CRO";33;"M35";"M35";;;;"";"";"";"";"";"";"";"";"";"";"";;0;"0,0";0;"";4;"m20m35";"3.02";"130";12;3;;72:34;51;03:44;31;08:31;52;11:27;34;12:47;40;16:49;36;18:31;50;20:36;37;21:54;38;25:11;53;31:50;48;33:36;100;34:53;
73;895099;"82";"Orehoci";"Robert";;M;;0;53:00;88:41;35:41;0;4;"BJE";"OK Bjelovar";"CRO";33;"M35";"M35";;;;"";"";"";"";"";"";"";"";"";"";"";;0;"0,0";0;"";4;"m20m35";"3.02";"130";12;4;;88:41;51;04:35;31;06:16;52;09:25;34;10:52;40;16:54;36;18:40;50;21:32;37;22:48;38;26:00;53;32:27;48;34:06;100;35:10;
150;446316;"70";"Fabijaniæ";"Daniel";;M;;0;69:00;110:18;41:18;0;12;"OK Jelen";"OK Jelen";"CRO";33;"M35";"M35";;;;"";"";"";"";"";"";"";"";"";"";"";;0;"0,0";0;"";4;"m20m35";"3.02";"130";12;5;;110:18;51;06:20;31;08:09;52;13:54;34;15:37;40;20:58;36;24:27;50;27:24;37;30:04;38;34:22;53;37:39;48;39:24;100;40:37;
46;720210;"102";"Vukmanoviæ";"Mladen";;M;;0;73:00;115:09;42:09;0;1;"KAP";"OK Kapela";"CRO";33;"M35";"M35";;;;"";"";"";"";"";"";"";"";"";"";"";;0;"0,0";0;"";4;"m20m35";"3.02";"130";12;6;;115:09;51;06:02;31;07:56;52;11:24;34;13:35;40;21:30;36;23:12;50;29:50;37;31:08;38;34:18;53;38:23;48;40:14;100;41:22;
82;218967;"94";"Antoliæ";"Željko";;M;;0;45:00;91:15;46:15;0;6;"OKM";"OK Medjimurje";"CRO";33;"M35";"M35";;;;"";"";"";"";"";"";"";"";"";"";"";;0;"0,0";0;"";4;"m20m35";"3.02";"130";12;7;;91:15;51;05:08;31;06:55;52;10:55;34;12:41;40;21:09;36;24:00;50;27:44;37;29:14;38;38:03;53;42:19;48;44:19;100;45:36;
1;504526;"2";"Rocco";"Dario";;M;;0;81:00;134:37;53:37;0;;"";"";"";33;"M35";"M35";;;;"";"";"";"";"";"";"";"";"";"";"";;X;"0,0";0;"";4;"m20m35";"3.02";"130";12;8;;134:37;51;08:34;31;10:50;52;15:18;34;17:51;40;24:27;36;27:14;50;33:04;37;35:21;38;45:00;53;48:16;48;51:22;100;52:56;
105;410651;"49";"Budi";"Franjo";;M;;0;49:00;107:57;58:57;0;8;"JAP";"OK Japetic";"CRO";33;"M35";"M35";;;;"";"";"";"";"";"";"";"";"";"";"";;0;"0,0";0;"";4;"m20m35";"3.02";"130";12;9;;107:57;51;08:59;31;15:31;52;20:42;34;23:07;40;31:26;36;35:09;50;40:45;37;44:24;38;50:35;53;54:01;48;56:40;100;58:08;
45;410619;"97";"Vodopija";"Goran";;M;;0;33:00;99:49;66:49;0;1;"KAP";"OK Kapela";"CRO";33;"M35";"M35";;;;"";"";"";"";"";"";"";"";"";"";"";;0;"0,0";0;"";4;"m20m35";"3.02";"130";12;10;;99:49;51;09:54;31;12:17;52;18:41;34;20:06;40;36:46;36;38:45;50;41:25;37;43:05;38;49:49;53;62:12;48;65:00;100;66:09;
123;222405;"38";"Kukec";"Boris";;M;;0;77:00;147:21;70:21;0;9;"Vihor";"OK Vihor";"CRO";33;"M35";"M35";;;;"";"";"";"";"";"";"";"";"";"";"";;0;"0,0";0;"";4;"m20m35";"3.02";"130";12;11;;147:21;51;06:52;31;10:07;52;14:56;34;19:17;40;36:15;36;38:26;50;41:58;37;44:58;38;52:10;53;66:02;48;68:24;100;69:37;
16;;"141";"";"Vacant";;M;;0;61:00;;;0;;"";"";"";33;"M35";"M35";;;;"";"";"";"";"";"";"";"";"";"";"";;0;"0,0";0;"";4;"m20m35";"3.02";"130";12;;;;;;;;;;;;;;;;;;;;;;;;;;;;
60;300743;"110";"Vukeliæ";"Bojan";;M;;0;65:00;99:48;34:48;3;2;"Maksimir";"OK Maksimir";"CRO";33;"M35";"M35";;;;"";"";"";"";"";"";"";"";"";"";"";;0;"0,0";0;"";4;"m20m35";"3.02";"130";12;;;99:48;51;08:09;31;11:27;;;;;;;;;;;;;;;;;;;;;
15;;"140";"";"Vacant";;M;;0;41:00;;;0;;"";"";"";33;"M35";"M35";;;;"";"";"";"";"";"";"";"";"";"";"";;0;"0,0";0;"";4;"m20m35";"3.02";"130";12;;;;;;;;;;;;;;;;;;;;;;;;;;;;
94;5765;"92";"Štambuk";"Dario";;M;;0;82:00;117:46;35:46;0;7;"IME";"Ivan Merz";"CRO";35;"M45";"M45";;;;"";"";"";"";"";"";"";"";"";"";"";;0;"0,0";0;"";3;"w21m45";"2.85";"130";10;1;;117:46;32;07:40;33;09:48;36;17:08;35;19:08;40;21:39;37;25:22;50;27:40;43;32:39;48;33:52;100;35:13;
127;893813;"23";"Lovrec";"Nenad";;M;;0;58:00;95:32;37:32;0;9;"Vihor";"OK Vihor";"CRO";35;"M45";"M45";;;;"";"";"";"";"";"";"";"";"";"";"";;0;"0,0";0;"";3;"w21m45";"2.85";"130";10;2;;95:32;32;06:28;33;10:32;36;19:28;35;21:40;40;26:57;37;30:56;50;32:30;43;34:43;48;35:33;100;36:51;
61;435426;"98";"Merunka";"Darko";;M;;0;66:00;108:48;42:48;0;2;"Maksimir";"OK Maksimir";"CRO";35;"M45";"M45";;;;"";"";"";"";"";"";"";"";"";"";"";;0;"0,0";0;"";3;"w21m45";"2.85";"130";10;3;;108:48;32;08:34;33;10:47;36;23:22;35;25:31;40;28:24;37;35:24;50;37:15;43;39:37;48;40:33;100;42:03;
151;446318;"10";"Bogoviæ";"Marijan";;M;;0;50:00;98:09;48:09;0;12;"OK Jelen";"OK Jelen";"CRO";35;"M45";"M45";;;;"";"";"";"";"";"";"";"";"";"";"";;0;"0,0";0;"";3;"w21m45";"2.85";"130";10;4;;98:09;32;10:17;33;14:07;36;24:02;35;26:09;40;33:58;37;38:50;50;40:05;43;43:53;48;45:12;100;46:57;
78;422998;"16";"Janžek";"Dražen";;M;;0;86:00;146:58;60:58;0;6;"OKM";"OK Medjimurje";"CRO";35;"M45";"M45";;;;"";"";"";"";"";"";"";"";"";"";"";;0;"0,0";0;"";3;"w21m45";"2.85";"130";10;5;;146:58;32;08:03;33;11:36;36;23:46;35;26:49;40;30:20;37;40:48;50;43:04;43;57:15;48;58:32;100;60:10;
85;422985;"27";"Benjak";"Franjo";;M;;0;54:00;122:53;68:53;0;7;"IME";"Ivan Merz";"CRO";35;"M45";"M45";;;;"";"";"";"";"";"";"";"";"";"";"";;0;"0,0";0;"";3;"w21m45";"2.85";"130";10;6;;122:53;32;10:47;33;15:11;36;33:17;35;41:52;40;46:42;37;57:26;50;59:16;43;64:50;48;66:14;100;67:53;
69;232284;"6";"Perica";"Mladen";;M;;0;74:00;147:01;73:01;0;4;"BJE";"OK Bjelovar";"CRO";35;"M45";"M45";;;;"";"";"";"";"";"";"";"";"";"";"";;0;"0,0";0;"";3;"w21m45";"2.85";"130";10;7;;147:01;32;15:46;33;25:33;36;43:53;35;46:34;40;50:53;37;60:59;50;63:09;43;68:43;48;70:29;100;72:16;
43;505905;"29";"Jeliæ";"Mladen";;M;;0;46:00;131:29;85:29;0;1;"KAP";"OK Kapela";"CRO";35;"M45";"M45";;;;"";"";"";"";"";"";"";"";"";"";"";;0;"0,0";0;"";3;"w21m45";"2.85";"130";10;8;;131:29;32;19:12;33;23:08;36;55:06;35;57:20;40;61:33;37;68:58;50;72:38;43;81:05;48;82:34;100;84:28;
54;236865;"66";"Lukaèiæ";"Ivica";;M;;0;78:00;183:54;105:54;0;2;"Maksimir";"OK Maksimir";"CRO";35;"M45";"M45";;;;"";"";"";"";"";"";"";"";"";"";"";;0;"0,0";0;"";3;"w21m45";"2.85";"130";10;9;;183:54;32;37:18;33;42:38;36;57:58;35;62:11;40;66:57;37;87:35;50;91:34;43;97:26;48;101:03;100;104:12;
20;;"145";"";"Vacant";;M;;0;62:00;;;0;;"";"";"";35;"M45";"M45";;;;"";"";"";"";"";"";"";"";"";"";"";;0;"0,0";0;"";3;"w21m45";"2.85";"130";10;;;;;;;;;;;;;;;;;;;;;;;;
19;;"144";"";"Vacant";;M;;0;70:00;;;0;;"";"";"";35;"M45";"M45";;;;"";"";"";"";"";"";"";"";"";"";"";;0;"0,0";0;"";3;"w21m45";"2.85";"130";10;;;;;;;;;;;;;;;;;;;;;;;;
74;232288;"84";"Belaj";"Željko";;M;;0;67:00;128:39;61:39;0;4;"BJE";"OK Bjelovar";"CRO";37;"M55";"M55";;;;"";"";"";"";"";"";"";"";"";"";"";;0;"0,0";0;"";5;"w20w35m55";"2.7";"100";11;1;;128:39;56;03:51;41;07:30;52;13:27;34;16:27;36;25:41;35;29:31;40;33:29;55;39:11;53;56:31;48;59:08;100;60:54;
23;1394831;"148";"Cindriæ";"Marijan";;M;;0;79:00;147:53;68:53;0;11;"TOR";"OK Torpedo";"CRO";37;"M55";"M55";;;;"";"";"";"";"";"";"";"";"";"";"";;0;"0,0";0;"";5;"w20w35m55";"2.7";"100";11;2;;147:53;56;06:17;41;16:26;52;22:45;34;26:26;36;36:19;35;42:10;40;46:01;55;53:22;53;64:19;48;66:30;100;68:11;
143;337655;"80";"Sopina";"Slavko";;M;;0;83:00;154:24;71:24;0;10;"HDX";"Hrvatski DX klub";"CRO";37;"M55";"M55";;;;"";"";"";"";"";"";"";"";"";"";"";;0;"0,0";0;"";5;"w20w35m55";"2.7";"100";11;3;;154:24;56;16:13;41;24:00;52;29:12;34;31:56;36;41:14;35;46:03;40;49:15;55;54:36;53;66:03;48;68:29;100;70:25;
55;236885;"68";"Ulip";"Zeljko";;M;;0;63:00;148:15;85:15;0;2;"Maksimir";"OK Maksimir";"CRO";37;"M55";"M55";;;;"";"";"";"";"";"";"";"";"";"";"";;0;"0,0";0;"";5;"w20w35m55";"2.7";"100";11;4;;148:15;56;16:22;41;21:20;52;33:16;34;36:53;36;46:54;35;50:11;40;54:23;55;63:43;53;80:10;48;82:47;100;84:30;
130;546169;"56";"Matijašiæ";"Josip";;M;;0;87:00;178:41;91:41;0;9;"Vihor";"OK Vihor";"CRO";37;"M55";"M55";;;;"";"";"";"";"";"";"";"";"";"";"";;0;"0,0";0;"";5;"w20w35m55";"2.7";"100";11;5;;178:41;56;06:16;41;13:33;52;22:15;34;26:13;36;37:35;35;41:15;40;52:47;55;67:41;53;84:38;48;88:08;100;90:38;
148;1394834;"76";"Jasprica";"Damir";;M;;0;75:00;214:17;139:17;0;11;"TOR";"OK Torpedo";"CRO";37;"M55";"M55";;;;"";"";"";"";"";"";"";"";"";"";"";;0;"0,0";0;"";5;"w20w35m55";"2.7";"100";11;6;;214:17;56;05:29;41;13:35;52;34:03;34;37:34;36;49:29;35;54:59;40;62:22;55;102:12;53;133:04;48;136:05;100;138:15;
24;;"149";"";"Vacant";;M;;0;71:00;;;0;;"";"";"";37;"M55";"M55";;;;"";"";"";"";"";"";"";"";"";"";"";;0;"0,0";0;"";5;"w20w35m55";"2.7";"100";11;;;;;;;;;;;;;;;;;;;;;;;;;;
87;422981;"52";"Turkalj";"Milan";;M;;0;54:00;131:33;77:33;0;7;"IME";"Ivan Merz";"CRO";38;"M65";"M65";;;;"";"";"";"";"";"";"";"";"";"";"";;0;"0,0";0;"";7;"m65w45";"2.13";"60";8;1;;131:33;40;15:22;34;28:57;52;35:36;54;37:40;55;44:37;53;70:29;48;73:58;100;76:37;
64;236882;"105";"Èepelak";"Radovan";;M;;0;38:00;116:21;78:21;0;2;"Maksimir";"OK Maksimir";"CRO";38;"M65";"M65";;;;"";"";"";"";"";"";"";"";"";"";"";;0;"0,0";0;"";7;"m65w45";"2.13";"60";8;2;;116:21;40;12:02;34;29:12;52;43:21;54;46:16;55;52:39;53;71:23;48;75:05;100;77:19;
63;236863;"104";"Debic";"Mladen";;M;;0;46:00;158:15;112:15;0;2;"Maksimir";"OK Maksimir";"CRO";38;"M65";"M65";;;;"";"";"";"";"";"";"";"";"";"";"";;0;"0,0";0;"";7;"m65w45";"2.13";"60";8;3;;158:15;40;20:12;34;57:16;52;62:50;54;65:22;55;77:54;53;101:25;48;106:47;100;110:04;
40;;"151";"";"Vacant";;M;;0;50:00;;;0;;"";"";"";38;"M65";"M65";;;;"";"";"";"";"";"";"";"";"";"";"";;0;"0,0";0;"";7;"m65w45";"2.13";"60";8;;;;;;;;;;;;;;;;;;;;
25;;"150";"";"Vacant";;M;;0;42:00;;;0;;"";"";"";38;"M65";"M65";;;;"";"";"";"";"";"";"";"";"";"";"";;0;"0,0";0;"";7;"m65w45";"2.13";"60";8;;;;;;;;;;;;;;;;;;;;
90;422990;"3";"Vuèetiæ";"Goran";;M;;0;48:00;154:20;106:20;0;7;"IME";"Ivan Merz";"CRO";28;"OPEN LONG";"OPEN LONG";;;;"";"";"";"";"";"";"";"";"";"";"";;0;"0,0";0;"";5;"w20w35m55";"2.7";"100";11;1;;154:20;56;23:17;41;36:36;52;48:06;34;52:20;36;61:51;35;66:42;40;71:36;55;78:21;53;100:54;48;103:23;100;105:14;
2;345958;"1";"Božiæ";"Liliana";;M;;0;36:00;145:22;109:22;0;;"";"";"";28;"OPEN LONG";"OPEN LONG";;;;"";"";"";"";"";"";"";"";"";"";"";;X;"0,0";0;"";5;"w20w35m55";"2.7";"100";11;2;;145:22;56;11:03;41;18:32;52;27:11;34;33:25;36;50:08;35;60:12;40;65:05;55;77:15;53;98:58;48;106:29;100;108:22;
39;;"131";"";"Vacant";;M;;0;40:00;;;0;;"";"";"";28;"OPEN LONG";"OPEN LONG";;;;"";"";"";"";"";"";"";"";"";"";"";;0;"0,0";0;"";5;"w20w35m55";"2.7";"100";11;;;;;;;;;;;;;;;;;;;;;;;;;;
38;;"130";"";"Vacant";;M;;0;44:00;;;0;;"";"";"";28;"OPEN LONG";"OPEN LONG";;;;"";"";"";"";"";"";"";"";"";"";"";;0;"0,0";0;"";5;"w20w35m55";"2.7";"100";11;;;;;;;;;;;;;;;;;;;;;;;;;;
58;236879;"33";"Strmeèki";"Vibor";;M;;0;86:00;110:25;24:25;0;2;"Maksimir";"OK Maksimir";"CRO";39;"OPEN SHORT";"OPEN SHORT";;;;"";"";"";"";"";"";"";"";"";"";"";;0;"0,0";0;"";2;"MW12";"1.64";"50";7;1;;110:25;49;03:03;44;06:56;45;13:59;46;16:05;47;18:48;48;21:39;100;23:29;
41;422999;"152";"Èerneliæ";"Filip";;M;;0;66:00;93:53;27:53;0;;"";"";"";39;"OPEN SHORT";"OPEN SHORT";;;;"";"";"";"";"";"";"";"";"";"";"";;X;"0,0";0;"";2;"MW12";"1.64";"50";7;2;;93:53;49;03:59;44;07:26;45;13:50;46;15:52;47;17:48;48;25:29;100;27:16;
141;893828;"36";"Raškaj";"Darko";;M;;0;74:00;110:41;36:41;0;9;"Vihor";"OK Vihor";"CRO";39;"OPEN SHORT";"OPEN SHORT";;;;"";"";"";"";"";"";"";"";"";"";"";;0;"0,0";0;"";2;"MW12";"1.64";"50";7;3;;110:41;49;10:42;44;15:08;45;25:38;46;27:56;47;30:27;48;33:03;100;34:44;
42;422994;"153";"Crljenica";"Mate";;M;;0;88:00;128:30;40:30;0;;"";"";"";39;"OPEN SHORT";"OPEN SHORT";;;;"";"";"";"";"";"";"";"";"";"";"";;0;"0,0";0;"";2;"MW12";"1.64";"50";7;4;;128:30;49;05:26;44;13:21;45;24:40;46;28:21;47;33:38;48;37:40;100;39:28;
65;406735;"108";"Vukeliæ";"Juraj";;M;;0;62:00;130:37;68:37;0;2;"Maksimir";"OK Maksimir";"CRO";39;"OPEN SHORT";"OPEN SHORT";;;;"";"";"";"";"";"";"";"";"";"";"";;0;"0,0";0;"";2;"MW12";"1.64";"50";7;5;;130:37;49;04:37;44;16:17;45;39:54;46;43:45;47;53:26;48;62:52;100;67:34;
111;410649;"42";"Popoviæ Budi";"Daniela";;M;;0;82:00;;;1;8;"JAP";"OK Japetic";"CRO";39;"OPEN SHORT";"OPEN SHORT";;;;"";"";"";"";"";"";"";"";"";"";"";;0;"0,0";0;"";2;"MW12";"1.64";"50";7;;;;;;;;;;;;;;;;;;
57;;"72";"Kaniški";"Greta";;M;;0;78:00;;;1;2;"Maksimir";"OK Maksimir";"CRO";39;"OPEN SHORT";"OPEN SHORT";;;;"";"";"";"";"";"";"";"";"";"";"";;0;"0,0";0;"";2;"MW12";"1.64";"50";7;;;;;;;;;;;;;;;;;;
59;435468;"109";"Vukeliæ";"Dora";;M;;0;59:00;88:38;29:38;0;2;"Maksimir";"OK Maksimir";"CRO";21;"W12";"W12";;;;"";"";"";"";"";"";"";"";"";"";"";;0;"0,0";0;"";2;"MW12";"1.64";"50";7;1;;88:38;49;04:35;44;11:08;45;19:03;46;21:01;47;23:03;48;26:11;100;28:53;
98;237592;"45";"Lesjak";"Jelena";;M;;0;63:00;93:51;30:51;0;8;"JAP";"OK Japetic";"CRO";21;"W12";"W12";;;;"";"";"";"";"";"";"";"";"";"";"";;0;"0,0";0;"";2;"MW12";"1.64";"50";7;2;;93:51;49;02:42;44;07:14;45;15:00;46;18:39;47;20:44;48;28:27;100;30:12;
83;422989;"4";"Vuèetiæ";"Mirta";;M;;0;55:00;93:49;38:49;0;7;"IME";"Ivan Merz";"CRO";21;"W12";"W12";;;;"";"";"";"";"";"";"";"";"";"";"";;0;"0,0";0;"";2;"MW12";"1.64";"50";7;3;;93:49;49;08:37;44;15:11;45;23:01;46;26:41;47;28:45;48;36:24;100;38:14;
97;237598;"39";"Tadiæ";"Eli";;M;;0;31:00;93:56;62:56;0;8;"JAP";"OK Japetic";"CRO";21;"W12";"W12";;;;"";"";"";"";"";"";"";"";"";"";"";;0;"0,0";0;"";2;"MW12";"1.64";"50";7;4;;93:56;49;22:06;44;30:33;45;47:15;46;49:38;47;52:41;48;60:46;100;62:19;
93;5768;"88";"Štambuk";"Zdenka Petra";;M;;0;47:00;186:03;139:03;0;7;"IME";"Ivan Merz";"CRO";21;"W12";"W12";;;;"";"";"";"";"";"";"";"";"";"";"";;0;"0,0";0;"";2;"MW12";"1.64";"50";7;5;;186:03;49;104:34;44;112:40;45;124:26;46;127:36;47;131:51;48;136:07;100;138:27;
92;5729;"91";"Štambuk";"Lucija Marijela";;M;;0;35:00;186:14;151:14;0;7;"IME";"Ivan Merz";"CRO";21;"W12";"W12";;;;"";"";"";"";"";"";"";"";"";"";"";;0;"0,0";0;"";2;"MW12";"1.64";"50";7;6;;186:14;49;117:13;44;124:49;45;136:36;46;139:56;47;144:05;48;148:22;100;150:31;
99;46490;"46";"Kovaèeviæ";"Ana Marija";;M;;0;43:00;94:20;51:20;3;8;"JAP";"OK Japetic";"CRO";21;"W12";"W12";;;;"";"";"";"";"";"";"";"";"";"";"";;0;"0,0";0;"";2;"MW12";"1.64";"50";7;;;94:20;49;10:09;44;18:36;45;35:10;46;38:11;47;40:51;48;48:42;;;
10;;"117";"";"Vacant";;M;;0;51:00;;;0;;"";"";"";21;"W12";"W12";;;;"";"";"";"";"";"";"";"";"";"";"";;0;"0,0";0;"";2;"MW12";"1.64";"50";7;;;;;;;;;;;;;;;;;;
9;;"116";"";"Vacant";;M;;0;39:00;;;0;;"";"";"";21;"W12";"W12";;;;"";"";"";"";"";"";"";"";"";"";"";;0;"0,0";0;"";2;"MW12";"1.64";"50";7;;;;;;;;;;;;;;;;;;
153;2069559;"11";"Tišljar";"Ana";;M;;0;36:00;61:32;25:32;0;13;"ORI";"OK Orion";"CRO";23;"W14";"W14";;;;"";"";"";"";"";"";"";"";"";"";"";;0;"0,0";0;"";9;"w14w21b";"1.93";"36";8;1;;61:32;44;05:32;54;08:16;55;13:19;45;17:11;46;18:58;57;20:29;48;23:09;100;25:03;
68;1401010;"99";"Pajèin";"Lana";;M;;0;32:00;72:14;40:14;0;3;"OK Sova";"OK Sova";"CRO";23;"W14";"W14";;;;"";"";"";"";"";"";"";"";"";"";"";;0;"0,0";0;"";9;"w14w21b";"1.93";"36";8;2;;72:14;44;03:34;54;12:48;55;17:38;45;21:22;46;23:18;57;31:46;48;37:18;100;39:41;
104;237596;"40";"Škugor";"Hana";;M;;0;04:00;57:13;53:13;0;8;"JAP";"OK Japetic";"CRO";23;"W14";"W14";;;;"";"";"";"";"";"";"";"";"";"";"";;0;"0,0";0;"";9;"w14w21b";"1.93";"36";8;3;;57:13;44;19:49;54;23:55;55;37:07;45;40:46;46;42:26;57;46:33;48;49:14;100;51:38;
102;410653;"17";"Jakopec";"Iva";;M;;0;28:00;83:34;55:34;0;8;"JAP";"OK Japetic";"CRO";23;"W14";"W14";;;;"";"";"";"";"";"";"";"";"";"";"";;0;"0,0";0;"";9;"w14w21b";"1.93";"36";8;4;;83:34;44;04:29;54;20:12;55;33:08;45;40:54;46;43:00;57;46:49;48;51:18;100;54:56;
84;422988;"5";"Dolenc";"Iva";;M;;0;20:00;83:53;63:53;0;7;"IME";"Ivan Merz";"CRO";23;"W14";"W14";;;;"";"";"";"";"";"";"";"";"";"";"";;0;"0,0";0;"";9;"w14w21b";"1.93";"36";8;5;;83:53;44;12:31;54;28:10;55;41:24;45;48:52;46;51:34;57;54:59;48;59:22;100;62:58;
122;4;"9";"Sirovec";"Tara";;M;;0;24:00;;;1;9;"Vihor";"OK Vihor";"CRO";23;"W14";"W14";;;;"";"";"";"";"";"";"";"";"";"";"";;0;"0,0";0;"";9;"w14w21b";"1.93";"36";8;;;;;;;;;;;;;;;;;;;;
13;;"120";"";"Vacant";;M;;0;16:00;;;0;;"";"";"";23;"W14";"W14";;;;"";"";"";"";"";"";"";"";"";"";"";;0;"0,0";0;"";9;"w14w21b";"1.93";"36";8;;;;;;;;;;;;;;;;;;;;
14;;"121";"";"Vacant";;M;;0;08:00;;;0;;"";"";"";23;"W14";"W14";;;;"";"";"";"";"";"";"";"";"";"";"";;0;"0,0";0;"";9;"w14w21b";"1.93";"36";8;;;;;;;;;;;;;;;;;;;;
103;345947;"44";"Magdiæ Govedarica";"Eva";;M;;0;12:00;99:03;87:03;3;8;"JAP";"OK Japetic";"CRO";23;"W14";"W14";;;;"";"";"";"";"";"";"";"";"";"";"";;0;"0,0";0;"";9;"w14w21b";"1.93";"36";8;;;99:03;44;03:59;;;;;;;;;;;;;;;
133;893816;"24";"Lovrec";"Mia";;M;;0;09:00;60:29;51:29;0;9;"Vihor";"OK Vihor";"CRO";25;"W16";"W16";;;;"";"";"";"";"";"";"";"";"";"";"";;0;"0,0";0;"";6;"m14w16";"2.15";"60";7;1;;60:29;41;05:09;55;34:58;46;37:34;45;39:15;57;44:31;43;47:36;100;50:52;
29;;"125";"";"Vacant";;M;;0;05:00;;;0;;"";"";"";25;"W16";"W16";;;;"";"";"";"";"";"";"";"";"";"";"";;0;"0,0";0;"";6;"m14w16";"2.15";"60";7;;;;;;;;;;;;;;;;;;
28;;"124";"";"Vacant";;M;;0;13:00;;;0;;"";"";"";25;"W16";"W16";;;;"";"";"";"";"";"";"";"";"";"";"";;0;"0,0";0;"";6;"m14w16";"2.15";"60";7;;;;;;;;;;;;;;;;;;
116;893815;"25";"Lovrec";"Iva";;M;;0;03:00;52:42;49:42;0;9;"Vihor";"OK Vihor";"CRO";27;"W20";"W20";;;;"";"";"";"";"";"";"";"";"";"";"";;0;"0,0";0;"";5;"w20w35m55";"2.7";"100";11;1;;52:42;56;03:26;41;07:19;52;13:54;34;16:48;36;27:03;35;30:28;40;33:07;55;37:34;53;45:57;48;47:59;100;49:06;
115;893808;"22";"Težak";"Dora";;M;;0;19:00;98:13;79:13;0;9;"Vihor";"OK Vihor";"CRO";27;"W20";"W20";;;;"";"";"";"";"";"";"";"";"";"";"";;0;"0,0";0;"";5;"w20w35m55";"2.7";"100";11;2;;98:13;56;05:30;41;09:07;52;16:15;34;20:25;36;35:44;35;38:57;40;42:26;55;58:59;53;74:27;48;77:12;100;78:32;
72;232283;"81";"Orehoci";"Roberta";;M;;0;11:00;76:17;65:17;3;4;"BJE";"OK Bjelovar";"CRO";27;"W20";"W20";;;;"";"";"";"";"";"";"";"";"";"";"";;0;"0,0";0;"";5;"w20w35m55";"2.7";"100";11;;;76:17;56;04:22;41;09:05;52;14:16;34;17:54;36;27:42;35;30:56;40;33:52;55;44:37;;;;;;;
6;;"129";"";"Vacant";;M;;0;15:00;;;0;;"";"";"";27;"W20";"W20";;;;"";"";"";"";"";"";"";"";"";"";"";;0;"0,0";0;"";5;"w20w35m55";"2.7";"100";11;;;;;;;;;;;;;;;;;;;;;;;;;;
5;;"128";"";"Vacant";;M;;0;07:00;;;0;;"";"";"";27;"W20";"W20";;;;"";"";"";"";"";"";"";"";"";"";"";;0;"0,0";0;"";5;"w20w35m55";"2.7";"100";11;;;;;;;;;;;;;;;;;;;;;;;;;;
50;552005;"101";"Vukmanoviæ";"Vinka";;M;;0;18:00;51:15;33:15;0;1;"KAP";"OK Kapela";"CRO";30;"W21A";"W21A";;;;"";"";"";"";"";"";"";"";"";"";"";;0;"0,0";0;"";3;"w21m45";"2.85";"130";10;1;;51:15;32;05:46;33;07:53;36;15:04;35;17:07;40;20:27;37;26:04;50;27:38;43;30:08;48;31:27;100;32:37;
136;700021;"19";"Gobec";"Ivana";;M;;0;10:00;51:21;41:21;0;9;"Vihor";"OK Vihor";"CRO";30;"W21A";"W21A";;;;"";"";"";"";"";"";"";"";"";"";"";;0;"0,0";0;"";3;"w21m45";"2.85";"130";10;2;;51:21;32;07:39;33;11:24;36;21:23;35;24:31;40;27:50;37;33:19;50;35:17;43;38:11;48;39:21;100;40:41;
75;886601;"100";"Orliæ";"Antonija";;M;;0;30:00;75:13;45:13;0;4;"BJE";"OK Bjelovar";"CRO";30;"W21A";"W21A";;;;"";"";"";"";"";"";"";"";"";"";"";;0;"0,0";0;"";3;"w21m45";"2.85";"130";10;3;;75:13;32;11:07;33;15:58;36;26:43;35;29:07;40;31:29;37;36:48;50;38:58;43;41:38;48;43:12;100;44:32;
51;337656;"95";"Žgela";"Marijana";;M;;0;42:00;90:45;48:45;0;1;"KAP";"OK Kapela";"CRO";30;"W21A";"W21A";;;;"";"";"";"";"";"";"";"";"";"";"";;0;"0,0";0;"";3;"w21m45";"2.85";"130";10;4;;90:45;32;09:29;33;12:54;36;23:42;35;27:24;40;31:53;37;38:51;50;41:25;43;45:12;48;46:45;100;48:13;
137;7772222;"12";"Krznar";"Kristina";;M;;0;34:00;90:50;56:50;0;9;"Vihor";"OK Vihor";"CRO";30;"W21A";"W21A";;;;"";"";"";"";"";"";"";"";"";"";"";;0;"0,0";0;"";3;"w21m45";"2.85";"130";10;5;;90:50;32;15:08;33;19:14;36;30:04;35;33:29;40;37:28;37;45:02;50;48:25;43;53:14;48;54:44;100;56:12;
114;1403140;"85";"Paviæ";"Mirja";;M;;0;06:00;63:36;57:36;0;8;"JAP";"OK Japetic";"CRO";30;"W21A";"W21A";;;;"";"";"";"";"";"";"";"";"";"";"";;0;"0,0";0;"";3;"w21m45";"2.85";"130";10;6;;63:36;32;14:54;33;18:59;36;32:20;35;35:42;40;38:46;37;49:17;50;51:08;43;54:14;48;55:39;100;57:04;
56;236869;"64";"Hak";"Sanja";;M;;0;14:00;101:34;87:34;0;2;"Maksimir";"OK Maksimir";"CRO";30;"W21A";"W21A";;;;"";"";"";"";"";"";"";"";"";"";"";;0;"0,0";0;"";3;"w21m45";"2.85";"130";10;7;;101:34;32;18:24;33;32:34;36;56:11;35;58:52;40;63:52;37;74:07;50;76:46;43;82:58;48;85:09;100;86:47;
49;410618;"113";"Kovaljesko";"Monika";;M;;0;02:00;90:47;88:47;0;1;"KAP";"OK Kapela";"CRO";30;"W21A";"W21A";;;;"";"";"";"";"";"";"";"";"";"";"";;0;"0,0";0;"";3;"w21m45";"2.85";"130";10;8;;90:47;32;31:03;33;39:10;36;61:10;35;65:19;40;69:25;37;79:18;50;81:45;43;85:16;48;86:46;100;88:09;
33;;"135";"";"Vacant";;M;;0;38:00;;;0;;"";"";"";30;"W21A";"W21A";;;;"";"";"";"";"";"";"";"";"";"";"";;0;"0,0";0;"";3;"w21m45";"2.85";"130";10;;;;;;;;;;;;;;;;;;;;;;;;
32;;"134";"";"Vacant";;M;;0;22:00;;;0;;"";"";"";30;"W21A";"W21A";;;;"";"";"";"";"";"";"";"";"";"";"";;0;"0,0";0;"";3;"w21m45";"2.85";"130";10;;;;;;;;;;;;;;;;;;;;;;;;
48;439114;"112";"Kasaš Spasiæ";"Irena";;M;;0;26:00;;;1;1;"KAP";"OK Kapela";"CRO";30;"W21A";"W21A";;;;"";"";"";"";"";"";"";"";"";"";"";;0;"0,0";0;"";3;"w21m45";"2.85";"130";10;;;;;;;;;;;;;;;;;;;;;;;;
144;1394832;"74";"Zadkoviæ";"Mirna";;M;;0;68:00;89:15;21:15;0;11;"TOR";"OK Torpedo";"CRO";32;"W21B";"W21B";;;;"";"";"";"";"";"";"";"";"";"";"";;0;"0,0";0;"";9;"w14w21b";"1.93";"36";8;1;;89:15;44;02:24;54;05:01;55;08:23;45;12:56;46;14:23;57;16:10;48;18:37;100;20:28;
89;422983;"54";"Kopjar";"Marina";;M;;0;60:00;83:50;23:50;0;7;"IME";"Ivan Merz";"CRO";32;"W21B";"W21B";;;;"";"";"";"";"";"";"";"";"";"";"";;0;"0,0";0;"";9;"w14w21b";"1.93";"36";8;2;;83:50;44;02:42;54;07:29;55;10:51;45;14:32;46;16:22;57;18:27;48;21:14;100;23:03;
145;1394838;"75";"Hoèevar";"Iva ";;M;;0;48:00;73:38;25:38;0;11;"TOR";"OK Torpedo";"CRO";32;"W21B";"W21B";;;;"";"";"";"";"";"";"";"";"";"";"";;0;"0,0";0;"";9;"w14w21b";"1.93";"36";8;3;;73:38;44;03:03;54;08:25;55;12:03;45;16:27;46;18:04;57;20:28;48;23:10;100;24:48;
37;1394837;"139";"Cindriæ";"Gorana";;M;;0;44:00;73:16;29:16;0;11;"TOR";"OK Torpedo";"CRO";32;"W21B";"W21B";;;;"";"";"";"";"";"";"";"";"";"";"";;0;"0,0";0;"";9;"w14w21b";"1.93";"36";8;4;;73:16;44;02:37;54;10:29;55;16:01;45;20:29;46;22:06;57;24:27;48;27:02;100;28:30;
139;222411;"60";"Stipic";"Bernardica";;M;;0;64:00;106:08;42:08;0;9;"Vihor";"OK Vihor";"CRO";32;"W21B";"W21B";;;;"";"";"";"";"";"";"";"";"";"";"";;0;"0,0";0;"";9;"w14w21b";"1.93";"36";8;5;;106:08;44;03:26;54;10:14;55;20:27;45;26:03;46;27:50;57;35:04;48;38:55;100;41:14;
140;222415;"61";"Stupalo";"Vlatka";;M;;0;56:00;99:08;43:08;0;9;"Vihor";"OK Vihor";"CRO";32;"W21B";"W21B";;;;"";"";"";"";"";"";"";"";"";"";"";;0;"0,0";0;"";9;"w14w21b";"1.93";"36";8;6;;99:08;44;13:36;54;18:45;55;28:12;45;32:55;46;34:40;57;37:03;48;40:21;100;42:19;
36;;"138";"";"Vacant";;M;;0;52:00;;;0;;"";"";"";32;"W21B";"W21B";;;;"";"";"";"";"";"";"";"";"";"";"";;0;"0,0";0;"";9;"w14w21b";"1.93";"36";8;;;;;;;;;;;;;;;;;;;;
149;1394835;"77";"Kružiæ";"Tea";;M;;0;48:00;;;1;11;"TOR";"OK Torpedo";"CRO";32;"W21B";"W21B";;;;"";"";"";"";"";"";"";"";"";"";"";;0;"0,0";0;"";9;"w14w21b";"1.93";"36";8;;;;;;;;;;;;;;;;;;;;
77;411373;"51";"Cindriæ Perkoviæ";"Jasminka";;M;;0;35:00;94:42;59:42;0;6;"OKM";"OK Medjimurje";"CRO";34;"W35";"W35";;;;"";"";"";"";"";"";"";"";"";"";"";;0;"0,0";0;"";5;"w20w35m55";"2.7";"100";11;1;;94:42;56;04:05;41;09:28;52;17:22;34;21:58;36;31:05;35;34:13;40;37:45;55;43:41;53;53:32;48;57:03;100;58:53;
53;236862;"34";"Jakšiæ";"Mirka";;M;;0;27:00;98:15;71:15;0;2;"Maksimir";"OK Maksimir";"CRO";34;"W35";"W35";;;;"";"";"";"";"";"";"";"";"";"";"";;0;"0,0";0;"";5;"w20w35m55";"2.7";"100";11;2;;98:15;56;07:40;41;11:37;52;19:16;34;21:52;36;29:11;35;32:02;40;40:38;55;51:28;53;64:55;48;68:44;100;70:24;
125;893814;"26";"Lovrec";"Darinka";;M;;0;39:00;115:20;76:20;0;9;"Vihor";"OK Vihor";"CRO";34;"W35";"W35";;;;"";"";"";"";"";"";"";"";"";"";"";;0;"0,0";0;"";5;"w20w35m55";"2.7";"100";11;3;;115:20;56;06:37;41;13:28;52;21:46;34;25:26;36;34:56;35;39:43;40;44:49;55;57:31;53;70:37;48;73:50;100;75:26;
124;7777703;"65";"Vlahoviæ";"Jasminka";;M;;0;47:00;154:16;107:16;0;9;"Vihor";"OK Vihor";"CRO";34;"W35";"W35";;;;"";"";"";"";"";"";"";"";"";"";"";;0;"0,0";0;"";5;"w20w35m55";"2.7";"100";11;4;;154:16;56;22:43;41;39:49;52;49:20;34;52:26;36;63:33;35;66:54;40;72:08;55;79:07;53;101:42;48;104:26;100;106:16;
126;222418;"67";"Kušt";"Maja";;M;;0;23:00;172:03;149:03;0;9;"Vihor";"OK Vihor";"CRO";34;"W35";"W35";;;;"";"";"";"";"";"";"";"";"";"";"";;0;"0,0";0;"";5;"w20w35m55";"2.7";"100";11;5;;172:03;56;12:08;41;16:32;52;29:30;34;34:29;36;104:47;35;112:16;40;117:02;55;130:46;53;141:58;48;145:34;100;148:01;
18;;"143";"";"Vacant";;M;;0;43:00;;;0;;"";"";"";34;"W35";"W35";;;;"";"";"";"";"";"";"";"";"";"";"";;0;"0,0";0;"";5;"w20w35m55";"2.7";"100";11;;;;;;;;;;;;;;;;;;;;;;;;;;
17;;"142";"";"Vacant";;M;;0;31:00;;;0;;"";"";"";34;"W35";"W35";;;;"";"";"";"";"";"";"";"";"";"";"";;0;"0,0";0;"";5;"w20w35m55";"2.7";"100";11;;;;;;;;;;;;;;;;;;;;;;;;;;
79;422997;"13";"Janžek";"Smiljana";;M;;0;06:00;57:48;51:48;0;6;"OKM";"OK Medjimurje";"CRO";36;"W45";"W45";;;;"";"";"";"";"";"";"";"";"";"";"";;0;"0,0";0;"";7;"m65w45";"2.13";"60";8;1;;57:48;40;06:59;34;13:17;52;19:14;54;21:23;55;34:44;53;47:17;48;49:24;100;51:02;
129;636977;"57";"Cvitkoviæ";"Maja";;M;;0;34:00;91:28;57:28;0;9;"Vihor";"OK Vihor";"CRO";36;"W45";"W45";;;;"";"";"";"";"";"";"";"";"";"";"";;0;"0,0";0;"";7;"m65w45";"2.13";"60";8;2;;91:28;40;12:58;34;21:24;52;31:56;54;34:10;55;40:01;53;52:02;48;54:51;100;56:43;
44;247389;"21";"Ebenspanger";"Emilija";;M;;0;02:00;60:59;58:59;0;1;"KAP";"OK Kapela";"CRO";36;"W45";"W45";;;;"";"";"";"";"";"";"";"";"";"";"";;0;"0,0";0;"";7;"m65w45";"2.13";"60";8;3;;60:59;40;08:29;34;15:40;52;23:22;54;25:21;55;38:56;53;51:30;48;54:24;100;56:18;
62;236886;"103";"Vendler Èepelak";"Željka";;M;;0;22:00;92:33;70:33;0;2;"Maksimir";"OK Maksimir";"CRO";36;"W45";"W45";;;;"";"";"";"";"";"";"";"";"";"";"";;0;"0,0";0;"";7;"m65w45";"2.13";"60";8;4;;92:33;40;07:14;34;18:00;52;22:05;54;26:05;55;31:17;53;64:04;48;67:09;100;69:23;
106;237595;"58";"Fabek";"Branka";;M;;0;10:00;102:38;92:38;0;8;"JAP";"OK Japetic";"CRO";36;"W45";"W45";;;;"";"";"";"";"";"";"";"";"";"";"";;0;"0,0";0;"";7;"m65w45";"2.13";"60";8;5;;102:38;40;15:37;34;33:36;52;38:44;54;40:19;55;45:17;53;83:22;48;87:15;100;90:23;
86;422982;"53";"Majer";"Melanija";;M;;0;30:00;131:35;101:35;0;7;"IME";"Ivan Merz";"CRO";36;"W45";"W45";;;;"";"";"";"";"";"";"";"";"";"";"";;0;"0,0";0;"";7;"m65w45";"2.13";"60";8;6;;131:35;40;39:33;34;54:08;52;59:51;54;62:01;55;68:45;53;94:27;48;98:09;100;100:40;
128;3;"8";"Sirovec";"Marija";;M;;0;18:00;;;1;9;"Vihor";"OK Vihor";"CRO";36;"W45";"W45";;;;"";"";"";"";"";"";"";"";"";"";"";;0;"0,0";0;"";7;"m65w45";"2.13";"60";8;;;;;;;;;;;;;;;;;;;;
22;;"147";"";"Vacant";;M;;0;26:00;;;0;;"";"";"";36;"W45";"W45";;;;"";"";"";"";"";"";"";"";"";"";"";;0;"0,0";0;"";7;"m65w45";"2.13";"60";8;;;;;;;;;;;;;;;;;;;;
21;;"146";"";"Vacant";;M;;0;14:00;;;0;;"";"";"";36;"W45";"W45";;;;"";"";"";"";"";"";"";"";"";"";"";;0;"0,0";0;"";7;"m65w45";"2.13";"60";8;;;;;;;;;;;;;;;;;;;;
